-- phpMyAdmin SQL Dump
-- version 5.2.0
-- https://www.phpmyadmin.net/
--
-- Máy chủ: 127.0.0.1
-- Thời gian đã tạo: Th10 23, 2022 lúc 04:00 AM
-- Phiên bản máy phục vụ: 10.4.25-MariaDB
-- Phiên bản PHP: 8.1.10

SET SQL_MODE = "NO_AUTO_VALUE_ON_ZERO";
START TRANSACTION;
SET time_zone = "+00:00";


/*!40101 SET @OLD_CHARACTER_SET_CLIENT=@@CHARACTER_SET_CLIENT */;
/*!40101 SET @OLD_CHARACTER_SET_RESULTS=@@CHARACTER_SET_RESULTS */;
/*!40101 SET @OLD_COLLATION_CONNECTION=@@COLLATION_CONNECTION */;
/*!40101 SET NAMES utf8mb4 */;

--
-- Cơ sở dữ liệu: `esdc`
--

-- --------------------------------------------------------

--
-- Cấu trúc bảng cho bảng `cart`
--

CREATE TABLE `cart` (
  `id` int(11) DEFAULT NULL,
  `name` varchar(200) CHARACTER SET utf8 DEFAULT NULL,
  `price` double DEFAULT NULL,
  `quantity` int(11) NOT NULL DEFAULT 1,
  `thumbnail` varchar(200) NOT NULL
) ENGINE=InnoDB DEFAULT CHARSET=utf8mb4;

-- --------------------------------------------------------

--
-- Cấu trúc bảng cho bảng `customer`
--

CREATE TABLE `customer` (
  `id` int(11) NOT NULL,
  `username` varchar(255) CHARACTER SET utf8 COLLATE utf8_vietnamese_ci DEFAULT NULL,
  `password_hash` varchar(255) CHARACTER SET utf8 COLLATE utf8_vietnamese_ci DEFAULT NULL,
  `email` varchar(255) CHARACTER SET utf8 COLLATE utf8_vietnamese_ci NOT NULL,
  `full_name` varchar(255) CHARACTER SET utf8 COLLATE utf8_vietnamese_ci NOT NULL,
  `phone` varchar(255) CHARACTER SET utf8 COLLATE utf8_vietnamese_ci NOT NULL,
  `address` varchar(255) CHARACTER SET utf8 COLLATE utf8_vietnamese_ci NOT NULL,
  `created_at` datetime NOT NULL,
  `updated_at` datetime DEFAULT NULL
) ENGINE=InnoDB DEFAULT CHARSET=utf8mb4;

--
-- Đang đổ dữ liệu cho bảng `customer`
--

INSERT INTO `customer` (`id`, `username`, `password_hash`, `email`, `full_name`, `phone`, `address`, `created_at`, `updated_at`) VALUES
(1, 'minhtrikhachhang', '123456', 'minhtriminhtrikhachhang@gmail.com', 'Minh Trí Khách Hàng', '0797377266', 'Số 19, đường Nguyễn Hữu Thọ, Phường Tân Phong, Quận 7, Thành phố Hồ Chí Minh', '2022-11-01 08:24:05', NULL),
(2, 'anhtuankhachhang', '123456', 'anhtuankhachhang@gmail.com', 'Anh Tuấn Khách Hàng', '0797377266', '98, Đường Nguyễn Tất Tố, Phường 19, Quận Bình Thạnh, Thành phố Hồ Chí Minh', '2022-11-01 08:25:29', NULL),
(3, 'hoannhankhachhang', '123456', 'hoannhankhachhang@gmail.com', 'Hoàn Nhân Khách Hàng', '0797377266', 'Số 9, Đường Phạm Văn Đồng, Phường Vĩnh Phước, Thành phố Nha Trang', '2022-11-01 08:27:26', NULL);

-- --------------------------------------------------------

--
-- Cấu trúc bảng cho bảng `donhang`
--

CREATE TABLE `donhang` (
  `id` int(11) NOT NULL,
  `date` datetime NOT NULL DEFAULT current_timestamp(),
  `productlist` varchar(1000) DEFAULT NULL,
  `customer_name` varchar(200) DEFAULT NULL,
  `phone` int(11) DEFAULT NULL,
  `email` varchar(200) DEFAULT NULL,
  `total` int(11) DEFAULT NULL,
  `pay` varchar(20) DEFAULT NULL
) ENGINE=InnoDB DEFAULT CHARSET=utf8mb4;

--
-- Đang đổ dữ liệu cho bảng `donhang`
--

INSERT INTO `donhang` (`id`, `date`, `productlist`, `customer_name`, `phone`, `email`, `total`, `pay`) VALUES
(241, '2022-11-09 17:46:56', 'Áo Thun Local Brand Unisex Teelab Summer World Tour / Kem TS153 (SL: 1).', '', 333392800, 'admin@google.com', 169000, 'COD'),
(247, '2022-11-09 22:14:57', 'Áo Thun Local Brand Unisex Teelab Cat Vibe TS161 (SL: 3). Balo Fullcolor Teelab AC032 (SL: 1). Tất Teelab Iconic Logo Socks AC057 (SL: 2). ', 'Huỳnh Anh Tuấn', 914260141, '52000291@student.tdtu.edu.vn', 937000, 'COD');

-- --------------------------------------------------------

--
-- Cấu trúc bảng cho bảng `employee`
--

CREATE TABLE `employee` (
  `id` int(11) NOT NULL,
  `username` varchar(255) CHARACTER SET utf8 COLLATE utf8_vietnamese_ci DEFAULT NULL,
  `password_hash` varchar(255) CHARACTER SET utf8 COLLATE utf8_vietnamese_ci DEFAULT NULL,
  `full_name` varchar(255) DEFAULT NULL,
  `email` varchar(255) DEFAULT NULL,
  `phone` varchar(255) DEFAULT NULL,
  `address` varchar(255) CHARACTER SET utf8 COLLATE utf8_vietnamese_ci NOT NULL,
  `created_at` datetime DEFAULT NULL,
  `updated_at` datetime DEFAULT NULL,
  `id_role` int(11) DEFAULT NULL
) ENGINE=InnoDB DEFAULT CHARSET=utf8mb4;

--
-- Đang đổ dữ liệu cho bảng `employee`
--

INSERT INTO `employee` (`id`, `username`, `password_hash`, `full_name`, `email`, `phone`, `address`, `created_at`, `updated_at`, `id_role`) VALUES
(1, 'minhtribanhang', '123456', 'Minh Trí Bán Hàng', 'minhtribanhang@gmail.com', '0797377266', '98, Đường Nguyễn Tất Tố, Phường 19, Quận Bình Thạnh, Thành phố Hồ Chí Minh', '2022-11-01 08:31:00', NULL, 1),
(2, 'anhtuanbanhang', '123456', 'Anh Tuấn Bán Hàng', 'anhtuanbanhang@gmail.com', '0797377266', 'Số 9, Đường Phạm Văn Đồng, Phường Vĩnh Phước, Thành phố Nha Trang', '2022-11-01 08:31:51', NULL, 1),
(3, 'hoannhanbanhang', '123456', 'Hoàn Nhân Bán Hàng', 'hoannhanbanhang@gmail.com', '0797377266', 'Số 19, đường Nguyễn Hữu Thọ, Phường Tân Phong, Quận 7, Thành phố Hồ Chí Minh', '2022-11-01 08:32:15', NULL, 1),
(4, 'minhtriquanly', '123456', 'Minh Trí Quản Lý', 'minhtriquanly@gmail.com', '0797377266', '98, Đường Nguyễn Tất Tố, Phường 19, Quận Bình Thạnh, Thành phố Hồ Chí Minh', '2022-11-01 08:33:25', NULL, 2),
(5, 'anhtuanquanly', '123456', 'Anh Tuấn Quản Lý', 'anhtuanquanly@gmail.com', '0797377266', 'Số 9, Đường Phạm Văn Đồng, Phường Vĩnh Phước, Thành phố Nha Trang', '2022-11-01 08:33:25', NULL, 2),
(6, 'hoannhanquanly', '123456', 'Hoàn Nhân Quản Lý', 'hoannhanquanly@gmail.com', '0797377266', 'Số 19, đường Nguyễn Hữu Thọ, Phường Tân Phong, Quận 7, Thành phố Hồ Chí Minh', '2022-11-01 08:33:25', NULL, 2),
(7, 'minhtriadmin', '123456', 'Minh Trí Admin', 'minhtriadmin@gmail.com', '0797377266', '98, Đường Nguyễn Tất Tố, Phường 19, Quận Bình Thạnh, Thành phố Hồ Chí Minh', '2022-11-01 08:36:22', NULL, 4),
(8, 'anhtuanadmin', '123456', 'Anh Tuấn Admin', 'anhtuanadmin@gmail.com', '0797377266', 'Số 9, Đường Phạm Văn Đồng, Phường Vĩnh Phước, Thành phố Nha Trang', '2022-11-01 08:36:22', NULL, 4),
(9, 'hoannhanadmin', '123456', 'Hoàn Nhân Admin', 'hoannhanadmin@gmail.com', '0797377266', 'Số 19, đường Nguyễn Hữu Thọ, Phường Tân Phong, Quận 7, Thành phố Hồ Chí Minh', '2022-11-01 08:36:22', NULL, 4),
(10, 'minhtrikho', '123456', 'Minh Trí Kho', 'minhtrikho@gmail.com', '0797377266', '98, Đường Nguyễn Tất Tố, Phường 19, Quận Bình Thạnh, Thành phố Hồ Chí Minh', '2022-11-01 08:39:47', NULL, 3),
(11, 'anhtuankho', '123456', 'Anh Tuấn Kho', 'anhtuankho@gmail.com', '0797377266', 'Số 9, Đường Phạm Văn Đồng, Phường Vĩnh Phước, Thành phố Nha Trang', '2022-11-01 08:39:47', NULL, 3),
(12, 'hoannhankho', '123456', 'Hoàn Nhân Kho', 'hoannhankho@gmail.com', '0797377266', 'Số 19, đường Nguyễn Hữu Thọ, Phường Tân Phong, Quận 7, Thành phố Hồ Chí Minh', '2022-11-01 08:39:47', NULL, 3);

-- --------------------------------------------------------

--
-- Cấu trúc bảng cho bảng `grn`
--

CREATE TABLE `grn` (
  `id` int(20) NOT NULL,
  `date` datetime DEFAULT current_timestamp(),
  `product_id` int(11) DEFAULT NULL,
  `product` varchar(500) DEFAULT NULL,
  `quantity` int(11) DEFAULT NULL,
  `total` int(11) DEFAULT NULL
) ENGINE=InnoDB DEFAULT CHARSET=utf8mb4;

--
-- Đang đổ dữ liệu cho bảng `grn`
--

INSERT INTO `grn` (`id`, `date`, `product_id`, `product`, `quantity`, `total`) VALUES
(16, '2022-11-10 15:54:54', 20, 'Áo Thun Local Brand Unisex Teelab Summer World Tour / Kem TS153', 10, 1690000),
(17, '2022-11-10 18:47:30', 26, 'Áo Thun Local Brand Unisex Teelab Summer World Tour / Nâu TS153', 10, 1690000),
(18, '2022-11-10 22:07:42', 18, 'Áo Thun Local Brand Unisex Teelab Cat Vibe TS161', 20, 3380000),
(22, '2022-11-23 09:52:04', 19, 'Áo Thun Local Brand Unisex Teelab Summer World Tour / Nâu TS153', 50, 8450000);

-- --------------------------------------------------------

--
-- Cấu trúc bảng cho bảng `order_detail`
--

CREATE TABLE `order_detail` (
  `id` int(11) NOT NULL,
  `order_id` int(11) DEFAULT NULL,
  `product_id` int(11) DEFAULT NULL,
  `product_name` varchar(200) DEFAULT NULL,
  `quantity` int(11) DEFAULT NULL,
  `total` int(11) DEFAULT NULL
) ENGINE=InnoDB DEFAULT CHARSET=utf8mb4;

--
-- Đang đổ dữ liệu cho bảng `order_detail`
--

INSERT INTO `order_detail` (`id`, `order_id`, `product_id`, `product_name`, `quantity`, `total`) VALUES
(1, 10, 19, 'Áo Thun Local Brand Unisex Teelab Summer World Tour / Nâu TS153', 1, 169000),
(2, 10, 20, 'Áo Thun Local Brand Unisex Teelab Summer World Tour / Kem TS153', 1, 169000),
(3, 11, 19, 'Áo Thun Local Brand Unisex Teelab Summer World Tour / Nâu TS153', 1, 169000),
(4, 12, 143, 'Áo Polo Local Brand Unisex Teelab Gambling Cats / Đen TS150', 3, 507000),
(5, 12, 179, 'Balo Fullcolor Teelab AC032', 2, 700000),
(6, 13, 20, 'Áo Thun Local Brand Unisex Teelab Summer World Tour / Kem TS153', 1, 169000),
(7, 13, 179, 'Balo Fullcolor Teelab AC032', 1, 350000),
(8, 13, 185, 'Khẩu Trang Teelab Iconic Logo Face Mask AC058', 3, 105000),
(9, 14, 18, 'Áo Thun Local Brand Unisex Teelab Cat Vibe TS161', 1, 169000),
(10, 15, 18, 'Áo Thun Local Brand Unisex Teelab Cat Vibe TS161', 2, 338000),
(11, 16, 18, 'Áo Thun Local Brand Unisex Teelab Cat Vibe TS161', 1, 169000),
(12, 16, 19, 'Áo Thun Local Brand Unisex Teelab Summer World Tour / Nâu TS153', 4, 676000),
(13, 17, 18, 'Áo Thun Local Brand Unisex Teelab Cat Vibe TS161', 1, 169000),
(14, 17, 19, 'Áo Thun Local Brand Unisex Teelab Summer World Tour / Nâu TS153', 4, 676000),
(15, 18, 179, 'Balo Fullcolor Teelab AC032', 1, 350000),
(16, 19, 18, 'Áo Thun Local Brand Unisex Teelab Cat Vibe TS161', 2, 338000),
(17, 20, 29, 'Áo Thun Local Brand Unisex Teelab Cyborg Rabbit TS144', 6, 1014000),
(18, 21, 20, 'Áo Thun Local Brand Unisex Teelab Summer World Tour / Kem TS153', 2, 338000),
(19, 21, 179, 'Balo Fullcolor Teelab AC032', 3, 1050000);

-- --------------------------------------------------------

--
-- Cấu trúc bảng cho bảng `order_product`
--

CREATE TABLE `order_product` (
  `id` int(11) NOT NULL,
  `customer_name` varchar(200) DEFAULT NULL,
  `email` varchar(200) DEFAULT NULL,
  `phone` int(11) DEFAULT NULL,
  `total` int(20) DEFAULT NULL,
  `billing_address` varchar(500) DEFAULT NULL,
  `pay` varchar(20) DEFAULT NULL,
  `date` datetime DEFAULT current_timestamp(),
  `customer_id` int(11) DEFAULT NULL,
  `employee_id` int(11) DEFAULT NULL
) ENGINE=InnoDB DEFAULT CHARSET=utf8mb4;

--
-- Đang đổ dữ liệu cho bảng `order_product`
--

INSERT INTO `order_product` (`id`, `customer_name`, `email`, `phone`, `total`, `billing_address`, `pay`, `date`, `customer_id`, `employee_id`) VALUES
(18, 'Huỳnh Anh Duy', 'huynhanhtuan02.tv@gmail.com', 337365101, 350000, 'Quận 7, Thành phố Hồ Chí Minh', 'CARD', '2022-11-11 10:12:15', NULL, NULL),
(21, 'Huỳnh Anh Tuấn', 'huynhanhtuan02.tv@gmail.com', 337365101, 1388000, 'Số 70, đường Nguyễn Hữu Thọ, Phường Tân Phong, Quận 7, Thành phố Hồ Chí Minh', 'COD', '0000-00-00 00:00:00', NULL, NULL);

-- --------------------------------------------------------

--
-- Cấu trúc bảng cho bảng `product`
--

CREATE TABLE `product` (
  `id` int(11) NOT NULL,
  `name` varchar(200) CHARACTER SET utf8 DEFAULT NULL,
  `price` double UNSIGNED DEFAULT NULL,
  `quantity` int(11) UNSIGNED NOT NULL DEFAULT 1,
  `description` text CHARACTER SET utf8 DEFAULT NULL,
  `created_at` datetime DEFAULT current_timestamp(),
  `updated_at` datetime DEFAULT NULL,
  `thumbnail` varchar(200) DEFAULT NULL,
  `status` int(11) NOT NULL DEFAULT 1,
  `category_id` int(11) DEFAULT NULL
) ENGINE=InnoDB DEFAULT CHARSET=utf8mb4;

--
-- Đang đổ dữ liệu cho bảng `product`
--

INSERT INTO `product` (`id`, `name`, `price`, `quantity`, `description`, `created_at`, `updated_at`, `thumbnail`, `status`, `category_id`) VALUES
(18, 'Áo Thun Local Brand Unisex Teelab Cat Vibe TS161', 169000, 203, 'TEELAB nơi bạn có thể thỏa sức thử nghiệm phong cách của mình. Được thành lập vào 2020 với rất nhiều những sự biến động của xã hội, TEELAB bắt đầu chặng đường viết lên câu chuyện của riêng mình. Khi văn hóa đường phố dần trở nên phổ biến hơn cũng là lúc nhu cầu được thỏa mãn đam mê về thời trang của những GenZ mãnh liệt hơn bao giờ hết. TEELAB, phòng thí nghiệm về thời trang và những thiết kế mang đậm tinh thần TEELAB của chúng tôi “Your body is your greatest canvas” hứa hẹn sẽ mang đến cho các bạn trẻ Việt Nam nhiều trải nghiệm thú vị và mới mẻ về thời trang đường phố. Đội ngũ Fashion Scientist của TEELAB luôn cố gắng hoàn thiện và phát triển sản phầm, để có thể mang tới cho khách hàng những sản phẩm có chất lượng tốt nhất, được nghiên cứu kỹ càng và đáp ứng những tiêu chuẩn điên rồ nhất từ phòng thí nghiệm của chúng tôi.', '2022-10-31 18:18:59', NULL, 'ao-thun-1.png', 1, 29),
(19, 'Áo Thun Local Brand Unisex Teelab Summer World Tour / Nâu TS153', 169000, 156, 'TEELAB nơi bạn có thể thỏa sức thử nghiệm phong cách của mình. Được thành lập vào 2020 với rất nhiều những sự biến động của xã hội, TEELAB bắt đầu chặng đường viết lên câu chuyện của riêng mình. Khi văn hóa đường phố dần trở nên phổ biến hơn cũng là lúc nhu cầu được thỏa mãn đam mê về thời trang của những GenZ mãnh liệt hơn bao giờ hết. TEELAB, phòng thí nghiệm về thời trang và những thiết kế mang đậm tinh thần TEELAB của chúng tôi “Your body is your greatest canvas” hứa hẹn sẽ mang đến cho các bạn trẻ Việt Nam nhiều trải nghiệm thú vị và mới mẻ về thời trang đường phố. Đội ngũ Fashion Scientist của TEELAB luôn cố gắng hoàn thiện và phát triển sản phầm, để có thể mang tới cho khách hàng những sản phẩm có chất lượng tốt nhất, được nghiên cứu kỹ càng và đáp ứng những tiêu chuẩn điên rồ nhất từ phòng thí nghiệm của chúng tôi.', '2022-10-31 18:19:49', NULL, 'ao-thun-2.png', 1, 29),
(20, 'Áo Thun Local Brand Unisex Teelab Summer World Tour / Kem TS153', 169000, 98, 'TEELAB nơi bạn có thể thỏa sức thử nghiệm phong cách của mình. Được thành lập vào 2020 với rất nhiều những sự biến động của xã hội, TEELAB bắt đầu chặng đường viết lên câu chuyện của riêng mình. Khi văn hóa đường phố dần trở nên phổ biến hơn cũng là lúc nhu cầu được thỏa mãn đam mê về thời trang của những GenZ mãnh liệt hơn bao giờ hết. TEELAB, phòng thí nghiệm về thời trang và những thiết kế mang đậm tinh thần TEELAB của chúng tôi “Your body is your greatest canvas” hứa hẹn sẽ mang đến cho các bạn trẻ Việt Nam nhiều trải nghiệm thú vị và mới mẻ về thời trang đường phố. Đội ngũ Fashion Scientist của TEELAB luôn cố gắng hoàn thiện và phát triển sản phầm, để có thể mang tới cho khách hàng những sản phẩm có chất lượng tốt nhất, được nghiên cứu kỹ càng và đáp ứng những tiêu chuẩn điên rồ nhất từ phòng thí nghiệm của chúng tôi.', '2022-10-31 18:20:25', NULL, 'ao-thun-3.png', 1, 29),
(21, 'Áo Thun Local Brand Unisex Teelab Gambling Cats / Đen TS150', 169000, 110, 'TEELAB nơi bạn có thể thỏa sức thử nghiệm phong cách của mình. Được thành lập vào 2020 với rất nhiều những sự biến động của xã hội, TEELAB bắt đầu chặng đường viết lên câu chuyện của riêng mình. Khi văn hóa đường phố dần trở nên phổ biến hơn cũng là lúc nhu cầu được thỏa mãn đam mê về thời trang của những GenZ mãnh liệt hơn bao giờ hết. TEELAB, phòng thí nghiệm về thời trang và những thiết kế mang đậm tinh thần TEELAB của chúng tôi “Your body is your greatest canvas” hứa hẹn sẽ mang đến cho các bạn trẻ Việt Nam nhiều trải nghiệm thú vị và mới mẻ về thời trang đường phố. Đội ngũ Fashion Scientist của TEELAB luôn cố gắng hoàn thiện và phát triển sản phầm, để có thể mang tới cho khách hàng những sản phẩm có chất lượng tốt nhất, được nghiên cứu kỹ càng và đáp ứng những tiêu chuẩn điên rồ nhất từ phòng thí nghiệm của chúng tôi.', '2022-10-31 18:20:25', NULL, 'ao-thun-4.png', 1, 29),
(22, 'Áo Thun Local Brand Unisex Teelab Cyborg Rabbit TS144', 169000, 160, 'TEELAB nơi bạn có thể thỏa sức thử nghiệm phong cách của mình. Được thành lập vào 2020 với rất nhiều những sự biến động của xã hội, TEELAB bắt đầu chặng đường viết lên câu chuyện của riêng mình. Khi văn hóa đường phố dần trở nên phổ biến hơn cũng là lúc nhu cầu được thỏa mãn đam mê về thời trang của những GenZ mãnh liệt hơn bao giờ hết. TEELAB, phòng thí nghiệm về thời trang và những thiết kế mang đậm tinh thần TEELAB của chúng tôi “Your body is your greatest canvas” hứa hẹn sẽ mang đến cho các bạn trẻ Việt Nam nhiều trải nghiệm thú vị và mới mẻ về thời trang đường phố. Đội ngũ Fashion Scientist của TEELAB luôn cố gắng hoàn thiện và phát triển sản phầm, để có thể mang tới cho khách hàng những sản phẩm có chất lượng tốt nhất, được nghiên cứu kỹ càng và đáp ứng những tiêu chuẩn điên rồ nhất từ phòng thí nghiệm của chúng tôi.', '2022-10-31 18:18:59', NULL, 'ao-thun-5.png', 1, 29),
(23, 'Áo Thun Local Brand Unisex Teelab Cyberpunk TS143', 169000, 160, 'TEELAB nơi bạn có thể thỏa sức thử nghiệm phong cách của mình. Được thành lập vào 2020 với rất nhiều những sự biến động của xã hội, TEELAB bắt đầu chặng đường viết lên câu chuyện của riêng mình. Khi văn hóa đường phố dần trở nên phổ biến hơn cũng là lúc nhu cầu được thỏa mãn đam mê về thời trang của những GenZ mãnh liệt hơn bao giờ hết. TEELAB, phòng thí nghiệm về thời trang và những thiết kế mang đậm tinh thần TEELAB của chúng tôi “Your body is your greatest canvas” hứa hẹn sẽ mang đến cho các bạn trẻ Việt Nam nhiều trải nghiệm thú vị và mới mẻ về thời trang đường phố. Đội ngũ Fashion Scientist của TEELAB luôn cố gắng hoàn thiện và phát triển sản phầm, để có thể mang tới cho khách hàng những sản phẩm có chất lượng tốt nhất, được nghiên cứu kỹ càng và đáp ứng những tiêu chuẩn điên rồ nhất từ phòng thí nghiệm của chúng tôi.', '2022-10-31 18:18:59', NULL, 'ao-thun-6.png', 1, 29),
(24, 'Áo Thun Local Brand Unisex Teelab Space Program: to Infinity and Beyond / Kem TS141', 169000, 100, 'TEELAB nơi bạn có thể thỏa sức thử nghiệm phong cách của mình. Được thành lập vào 2020 với rất nhiều những sự biến động của xã hội, TEELAB bắt đầu chặng đường viết lên câu chuyện của riêng mình. Khi văn hóa đường phố dần trở nên phổ biến hơn cũng là lúc nhu cầu được thỏa mãn đam mê về thời trang của những GenZ mãnh liệt hơn bao giờ hết. TEELAB, phòng thí nghiệm về thời trang và những thiết kế mang đậm tinh thần TEELAB của chúng tôi “Your body is your greatest canvas” hứa hẹn sẽ mang đến cho các bạn trẻ Việt Nam nhiều trải nghiệm thú vị và mới mẻ về thời trang đường phố. Đội ngũ Fashion Scientist của TEELAB luôn cố gắng hoàn thiện và phát triển sản phầm, để có thể mang tới cho khách hàng những sản phẩm có chất lượng tốt nhất, được nghiên cứu kỹ càng và đáp ứng những tiêu chuẩn điên rồ nhất từ phòng thí nghiệm của chúng tôi.', '2022-10-31 18:18:59', NULL, 'ao-thun-7.png', 1, 29),
(25, 'Áo Thun Local Brand Unisex Teelab Cat Vibe TS161', 169000, 100, 'TEELAB nơi bạn có thể thỏa sức thử nghiệm phong cách của mình. Được thành lập vào 2020 với rất nhiều những sự biến động của xã hội, TEELAB bắt đầu chặng đường viết lên câu chuyện của riêng mình. Khi văn hóa đường phố dần trở nên phổ biến hơn cũng là lúc nhu cầu được thỏa mãn đam mê về thời trang của những GenZ mãnh liệt hơn bao giờ hết. TEELAB, phòng thí nghiệm về thời trang và những thiết kế mang đậm tinh thần TEELAB của chúng tôi “Your body is your greatest canvas” hứa hẹn sẽ mang đến cho các bạn trẻ Việt Nam nhiều trải nghiệm thú vị và mới mẻ về thời trang đường phố. Đội ngũ Fashion Scientist của TEELAB luôn cố gắng hoàn thiện và phát triển sản phầm, để có thể mang tới cho khách hàng những sản phẩm có chất lượng tốt nhất, được nghiên cứu kỹ càng và đáp ứng những tiêu chuẩn điên rồ nhất từ phòng thí nghiệm của chúng tôi.', '2022-10-31 18:18:59', NULL, 'ao-thun-8.png', 1, 29),
(26, 'Áo Thun Local Brand Unisex Teelab Summer World Tour / Nâu TS153', 169000, 110, 'TEELAB nơi bạn có thể thỏa sức thử nghiệm phong cách của mình. Được thành lập vào 2020 với rất nhiều những sự biến động của xã hội, TEELAB bắt đầu chặng đường viết lên câu chuyện của riêng mình. Khi văn hóa đường phố dần trở nên phổ biến hơn cũng là lúc nhu cầu được thỏa mãn đam mê về thời trang của những GenZ mãnh liệt hơn bao giờ hết. TEELAB, phòng thí nghiệm về thời trang và những thiết kế mang đậm tinh thần TEELAB của chúng tôi “Your body is your greatest canvas” hứa hẹn sẽ mang đến cho các bạn trẻ Việt Nam nhiều trải nghiệm thú vị và mới mẻ về thời trang đường phố. Đội ngũ Fashion Scientist của TEELAB luôn cố gắng hoàn thiện và phát triển sản phầm, để có thể mang tới cho khách hàng những sản phẩm có chất lượng tốt nhất, được nghiên cứu kỹ càng và đáp ứng những tiêu chuẩn điên rồ nhất từ phòng thí nghiệm của chúng tôi.', '2022-10-31 18:18:59', NULL, 'ao-thun-9.png', 1, 29),
(27, 'Áo Thun Local Brand Unisex Teelab Summer World Tour / Kem TS153', 169000, 100, 'TEELAB nơi bạn có thể thỏa sức thử nghiệm phong cách của mình. Được thành lập vào 2020 với rất nhiều những sự biến động của xã hội, TEELAB bắt đầu chặng đường viết lên câu chuyện của riêng mình. Khi văn hóa đường phố dần trở nên phổ biến hơn cũng là lúc nhu cầu được thỏa mãn đam mê về thời trang của những GenZ mãnh liệt hơn bao giờ hết. TEELAB, phòng thí nghiệm về thời trang và những thiết kế mang đậm tinh thần TEELAB của chúng tôi “Your body is your greatest canvas” hứa hẹn sẽ mang đến cho các bạn trẻ Việt Nam nhiều trải nghiệm thú vị và mới mẻ về thời trang đường phố. Đội ngũ Fashion Scientist của TEELAB luôn cố gắng hoàn thiện và phát triển sản phầm, để có thể mang tới cho khách hàng những sản phẩm có chất lượng tốt nhất, được nghiên cứu kỹ càng và đáp ứng những tiêu chuẩn điên rồ nhất từ phòng thí nghiệm của chúng tôi.', '2022-10-31 18:18:59', NULL, 'ao-thun-10.png', 1, 29),
(28, 'Áo Thun Local Brand Unisex Teelab Gambling Cats / Đen TS150', 169000, 100, 'TEELAB nơi bạn có thể thỏa sức thử nghiệm phong cách của mình. Được thành lập vào 2020 với rất nhiều những sự biến động của xã hội, TEELAB bắt đầu chặng đường viết lên câu chuyện của riêng mình. Khi văn hóa đường phố dần trở nên phổ biến hơn cũng là lúc nhu cầu được thỏa mãn đam mê về thời trang của những GenZ mãnh liệt hơn bao giờ hết. TEELAB, phòng thí nghiệm về thời trang và những thiết kế mang đậm tinh thần TEELAB của chúng tôi “Your body is your greatest canvas” hứa hẹn sẽ mang đến cho các bạn trẻ Việt Nam nhiều trải nghiệm thú vị và mới mẻ về thời trang đường phố. Đội ngũ Fashion Scientist của TEELAB luôn cố gắng hoàn thiện và phát triển sản phầm, để có thể mang tới cho khách hàng những sản phẩm có chất lượng tốt nhất, được nghiên cứu kỹ càng và đáp ứng những tiêu chuẩn điên rồ nhất từ phòng thí nghiệm của chúng tôi.', '2022-10-31 18:18:59', NULL, 'ao-thun-11.png', 1, 29),
(29, 'Áo Thun Local Brand Unisex Teelab Cyborg Rabbit TS144', 169000, 94, 'TEELAB nơi bạn có thể thỏa sức thử nghiệm phong cách của mình. Được thành lập vào 2020 với rất nhiều những sự biến động của xã hội, TEELAB bắt đầu chặng đường viết lên câu chuyện của riêng mình. Khi văn hóa đường phố dần trở nên phổ biến hơn cũng là lúc nhu cầu được thỏa mãn đam mê về thời trang của những GenZ mãnh liệt hơn bao giờ hết. TEELAB, phòng thí nghiệm về thời trang và những thiết kế mang đậm tinh thần TEELAB của chúng tôi “Your body is your greatest canvas” hứa hẹn sẽ mang đến cho các bạn trẻ Việt Nam nhiều trải nghiệm thú vị và mới mẻ về thời trang đường phố. Đội ngũ Fashion Scientist của TEELAB luôn cố gắng hoàn thiện và phát triển sản phầm, để có thể mang tới cho khách hàng những sản phẩm có chất lượng tốt nhất, được nghiên cứu kỹ càng và đáp ứng những tiêu chuẩn điên rồ nhất từ phòng thí nghiệm của chúng tôi.', '2022-10-31 18:18:59', NULL, 'ao-thun-12.png', 1, 29),
(30, 'Áo Thun Local Brand Unisex Teelab Cat Vibe TS161', 169000, 100, 'TEELAB nơi bạn có thể thỏa sức thử nghiệm phong cách của mình. Được thành lập vào 2020 với rất nhiều những sự biến động của xã hội, TEELAB bắt đầu chặng đường viết lên câu chuyện của riêng mình. Khi văn hóa đường phố dần trở nên phổ biến hơn cũng là lúc nhu cầu được thỏa mãn đam mê về thời trang của những GenZ mãnh liệt hơn bao giờ hết. TEELAB, phòng thí nghiệm về thời trang và những thiết kế mang đậm tinh thần TEELAB của chúng tôi “Your body is your greatest canvas” hứa hẹn sẽ mang đến cho các bạn trẻ Việt Nam nhiều trải nghiệm thú vị và mới mẻ về thời trang đường phố. Đội ngũ Fashion Scientist của TEELAB luôn cố gắng hoàn thiện và phát triển sản phầm, để có thể mang tới cho khách hàng những sản phẩm có chất lượng tốt nhất, được nghiên cứu kỹ càng và đáp ứng những tiêu chuẩn điên rồ nhất từ phòng thí nghiệm của chúng tôi.', '2022-10-31 18:30:39', NULL, 'ao-thun-13.png', 1, 29),
(31, 'Áo Thun Local Brand Unisex Teelab Summer World Tour / Nâu TS153', 169000, 100, 'TEELAB nơi bạn có thể thỏa sức thử nghiệm phong cách của mình. Được thành lập vào 2020 với rất nhiều những sự biến động của xã hội, TEELAB bắt đầu chặng đường viết lên câu chuyện của riêng mình. Khi văn hóa đường phố dần trở nên phổ biến hơn cũng là lúc nhu cầu được thỏa mãn đam mê về thời trang của những GenZ mãnh liệt hơn bao giờ hết. TEELAB, phòng thí nghiệm về thời trang và những thiết kế mang đậm tinh thần TEELAB của chúng tôi “Your body is your greatest canvas” hứa hẹn sẽ mang đến cho các bạn trẻ Việt Nam nhiều trải nghiệm thú vị và mới mẻ về thời trang đường phố. Đội ngũ Fashion Scientist của TEELAB luôn cố gắng hoàn thiện và phát triển sản phầm, để có thể mang tới cho khách hàng những sản phẩm có chất lượng tốt nhất, được nghiên cứu kỹ càng và đáp ứng những tiêu chuẩn điên rồ nhất từ phòng thí nghiệm của chúng tôi.', '2022-10-31 18:30:39', NULL, 'ao-thun-14.png', 1, 29),
(32, 'Áo Thun Local Brand Unisex Teelab Summer World Tour / Kem TS153', 169000, 100, 'TEELAB nơi bạn có thể thỏa sức thử nghiệm phong cách của mình. Được thành lập vào 2020 với rất nhiều những sự biến động của xã hội, TEELAB bắt đầu chặng đường viết lên câu chuyện của riêng mình. Khi văn hóa đường phố dần trở nên phổ biến hơn cũng là lúc nhu cầu được thỏa mãn đam mê về thời trang của những GenZ mãnh liệt hơn bao giờ hết. TEELAB, phòng thí nghiệm về thời trang và những thiết kế mang đậm tinh thần TEELAB của chúng tôi “Your body is your greatest canvas” hứa hẹn sẽ mang đến cho các bạn trẻ Việt Nam nhiều trải nghiệm thú vị và mới mẻ về thời trang đường phố. Đội ngũ Fashion Scientist của TEELAB luôn cố gắng hoàn thiện và phát triển sản phầm, để có thể mang tới cho khách hàng những sản phẩm có chất lượng tốt nhất, được nghiên cứu kỹ càng và đáp ứng những tiêu chuẩn điên rồ nhất từ phòng thí nghiệm của chúng tôi.', '2022-10-31 18:20:25', NULL, 'ao-thun-15.png', 1, 29),
(33, 'Áo Thun Local Brand Unisex Teelab Gambling Cats / Đen TS150', 169000, 100, 'TEELAB nơi bạn có thể thỏa sức thử nghiệm phong cách của mình. Được thành lập vào 2020 với rất nhiều những sự biến động của xã hội, TEELAB bắt đầu chặng đường viết lên câu chuyện của riêng mình. Khi văn hóa đường phố dần trở nên phổ biến hơn cũng là lúc nhu cầu được thỏa mãn đam mê về thời trang của những GenZ mãnh liệt hơn bao giờ hết. TEELAB, phòng thí nghiệm về thời trang và những thiết kế mang đậm tinh thần TEELAB của chúng tôi “Your body is your greatest canvas” hứa hẹn sẽ mang đến cho các bạn trẻ Việt Nam nhiều trải nghiệm thú vị và mới mẻ về thời trang đường phố. Đội ngũ Fashion Scientist của TEELAB luôn cố gắng hoàn thiện và phát triển sản phầm, để có thể mang tới cho khách hàng những sản phẩm có chất lượng tốt nhất, được nghiên cứu kỹ càng và đáp ứng những tiêu chuẩn điên rồ nhất từ phòng thí nghiệm của chúng tôi.', '2022-10-31 18:30:39', NULL, 'ao-thun-16.png', 1, 29),
(34, 'Áo Thun Local Brand Unisex Teelab Cyborg Rabbit TS144', 169000, 100, 'TEELAB nơi bạn có thể thỏa sức thử nghiệm phong cách của mình. Được thành lập vào 2020 với rất nhiều những sự biến động của xã hội, TEELAB bắt đầu chặng đường viết lên câu chuyện của riêng mình. Khi văn hóa đường phố dần trở nên phổ biến hơn cũng là lúc nhu cầu được thỏa mãn đam mê về thời trang của những GenZ mãnh liệt hơn bao giờ hết. TEELAB, phòng thí nghiệm về thời trang và những thiết kế mang đậm tinh thần TEELAB của chúng tôi “Your body is your greatest canvas” hứa hẹn sẽ mang đến cho các bạn trẻ Việt Nam nhiều trải nghiệm thú vị và mới mẻ về thời trang đường phố. Đội ngũ Fashion Scientist của TEELAB luôn cố gắng hoàn thiện và phát triển sản phầm, để có thể mang tới cho khách hàng những sản phẩm có chất lượng tốt nhất, được nghiên cứu kỹ càng và đáp ứng những tiêu chuẩn điên rồ nhất từ phòng thí nghiệm của chúng tôi.', '2022-10-31 18:30:39', NULL, 'ao-thun-17.png', 1, 29),
(35, 'Áo Thun Local Brand Unisex Teelab Summer World Tour / Nâu TS153', 169000, 100, 'TEELAB nơi bạn có thể thỏa sức thử nghiệm phong cách của mình. Được thành lập vào 2020 với rất nhiều những sự biến động của xã hội, TEELAB bắt đầu chặng đường viết lên câu chuyện của riêng mình. Khi văn hóa đường phố dần trở nên phổ biến hơn cũng là lúc nhu cầu được thỏa mãn đam mê về thời trang của những GenZ mãnh liệt hơn bao giờ hết. TEELAB, phòng thí nghiệm về thời trang và những thiết kế mang đậm tinh thần TEELAB của chúng tôi “Your body is your greatest canvas” hứa hẹn sẽ mang đến cho các bạn trẻ Việt Nam nhiều trải nghiệm thú vị và mới mẻ về thời trang đường phố. Đội ngũ Fashion Scientist của TEELAB luôn cố gắng hoàn thiện và phát triển sản phầm, để có thể mang tới cho khách hàng những sản phẩm có chất lượng tốt nhất, được nghiên cứu kỹ càng và đáp ứng những tiêu chuẩn điên rồ nhất từ phòng thí nghiệm của chúng tôi.', '2022-10-31 18:32:07', NULL, 'ao-thun-18.png', 1, 29),
(36, 'Áo Thun Local Brand Unisex Teelab Summer World Tour / Kem TS153', 169000, 100, 'TEELAB nơi bạn có thể thỏa sức thử nghiệm phong cách của mình. Được thành lập vào 2020 với rất nhiều những sự biến động của xã hội, TEELAB bắt đầu chặng đường viết lên câu chuyện của riêng mình. Khi văn hóa đường phố dần trở nên phổ biến hơn cũng là lúc nhu cầu được thỏa mãn đam mê về thời trang của những GenZ mãnh liệt hơn bao giờ hết. TEELAB, phòng thí nghiệm về thời trang và những thiết kế mang đậm tinh thần TEELAB của chúng tôi “Your body is your greatest canvas” hứa hẹn sẽ mang đến cho các bạn trẻ Việt Nam nhiều trải nghiệm thú vị và mới mẻ về thời trang đường phố. Đội ngũ Fashion Scientist của TEELAB luôn cố gắng hoàn thiện và phát triển sản phầm, để có thể mang tới cho khách hàng những sản phẩm có chất lượng tốt nhất, được nghiên cứu kỹ càng và đáp ứng những tiêu chuẩn điên rồ nhất từ phòng thí nghiệm của chúng tôi.', '2022-10-31 18:18:59', NULL, 'ao-thun-19.png', 1, 29),
(37, 'Áo Thun Local Brand Unisex Teelab Gambling Cats / Đen TS150', 169000, 100, 'TEELAB nơi bạn có thể thỏa sức thử nghiệm phong cách của mình. Được thành lập vào 2020 với rất nhiều những sự biến động của xã hội, TEELAB bắt đầu chặng đường viết lên câu chuyện của riêng mình. Khi văn hóa đường phố dần trở nên phổ biến hơn cũng là lúc nhu cầu được thỏa mãn đam mê về thời trang của những GenZ mãnh liệt hơn bao giờ hết. TEELAB, phòng thí nghiệm về thời trang và những thiết kế mang đậm tinh thần TEELAB của chúng tôi “Your body is your greatest canvas” hứa hẹn sẽ mang đến cho các bạn trẻ Việt Nam nhiều trải nghiệm thú vị và mới mẻ về thời trang đường phố. Đội ngũ Fashion Scientist của TEELAB luôn cố gắng hoàn thiện và phát triển sản phầm, để có thể mang tới cho khách hàng những sản phẩm có chất lượng tốt nhất, được nghiên cứu kỹ càng và đáp ứng những tiêu chuẩn điên rồ nhất từ phòng thí nghiệm của chúng tôi.', '2022-10-31 18:18:59', NULL, 'ao-thun-20.png', 1, 29),
(38, 'Áo Thun Local Brand Unisex Teelab Cyborg Rabbit TS144', 169000, 100, 'TEELAB nơi bạn có thể thỏa sức thử nghiệm phong cách của mình. Được thành lập vào 2020 với rất nhiều những sự biến động của xã hội, TEELAB bắt đầu chặng đường viết lên câu chuyện của riêng mình. Khi văn hóa đường phố dần trở nên phổ biến hơn cũng là lúc nhu cầu được thỏa mãn đam mê về thời trang của những GenZ mãnh liệt hơn bao giờ hết. TEELAB, phòng thí nghiệm về thời trang và những thiết kế mang đậm tinh thần TEELAB của chúng tôi “Your body is your greatest canvas” hứa hẹn sẽ mang đến cho các bạn trẻ Việt Nam nhiều trải nghiệm thú vị và mới mẻ về thời trang đường phố. Đội ngũ Fashion Scientist của TEELAB luôn cố gắng hoàn thiện và phát triển sản phầm, để có thể mang tới cho khách hàng những sản phẩm có chất lượng tốt nhất, được nghiên cứu kỹ càng và đáp ứng những tiêu chuẩn điên rồ nhất từ phòng thí nghiệm của chúng tôi.', '2022-10-31 18:18:59', NULL, 'ao-thun-21.png', 1, 29),
(39, 'Áo Thun Local Brand Unisex Teelab Cat Vibe TS161', 169000, 100, 'TEELAB nơi bạn có thể thỏa sức thử nghiệm phong cách của mình. Được thành lập vào 2020 với rất nhiều những sự biến động của xã hội, TEELAB bắt đầu chặng đường viết lên câu chuyện của riêng mình. Khi văn hóa đường phố dần trở nên phổ biến hơn cũng là lúc nhu cầu được thỏa mãn đam mê về thời trang của những GenZ mãnh liệt hơn bao giờ hết. TEELAB, phòng thí nghiệm về thời trang và những thiết kế mang đậm tinh thần TEELAB của chúng tôi “Your body is your greatest canvas” hứa hẹn sẽ mang đến cho các bạn trẻ Việt Nam nhiều trải nghiệm thú vị và mới mẻ về thời trang đường phố. Đội ngũ Fashion Scientist của TEELAB luôn cố gắng hoàn thiện và phát triển sản phầm, để có thể mang tới cho khách hàng những sản phẩm có chất lượng tốt nhất, được nghiên cứu kỹ càng và đáp ứng những tiêu chuẩn điên rồ nhất từ phòng thí nghiệm của chúng tôi.', '2022-10-31 18:30:39', NULL, 'ao-thun-22.png', 1, 29),
(40, 'Áo Thun Local Brand Unisex Teelab Summer World Tour / Nâu TS153', 169000, 100, 'TEELAB nơi bạn có thể thỏa sức thử nghiệm phong cách của mình. Được thành lập vào 2020 với rất nhiều những sự biến động của xã hội, TEELAB bắt đầu chặng đường viết lên câu chuyện của riêng mình. Khi văn hóa đường phố dần trở nên phổ biến hơn cũng là lúc nhu cầu được thỏa mãn đam mê về thời trang của những GenZ mãnh liệt hơn bao giờ hết. TEELAB, phòng thí nghiệm về thời trang và những thiết kế mang đậm tinh thần TEELAB của chúng tôi “Your body is your greatest canvas” hứa hẹn sẽ mang đến cho các bạn trẻ Việt Nam nhiều trải nghiệm thú vị và mới mẻ về thời trang đường phố. Đội ngũ Fashion Scientist của TEELAB luôn cố gắng hoàn thiện và phát triển sản phầm, để có thể mang tới cho khách hàng những sản phẩm có chất lượng tốt nhất, được nghiên cứu kỹ càng và đáp ứng những tiêu chuẩn điên rồ nhất từ phòng thí nghiệm của chúng tôi.', '2022-10-31 18:30:39', NULL, 'ao-thun-23.png', 1, 29),
(41, 'Áo Thun Local Brand Unisex Teelab Summer World Tour / Kem TS153', 169000, 100, 'TEELAB nơi bạn có thể thỏa sức thử nghiệm phong cách của mình. Được thành lập vào 2020 với rất nhiều những sự biến động của xã hội, TEELAB bắt đầu chặng đường viết lên câu chuyện của riêng mình. Khi văn hóa đường phố dần trở nên phổ biến hơn cũng là lúc nhu cầu được thỏa mãn đam mê về thời trang của những GenZ mãnh liệt hơn bao giờ hết. TEELAB, phòng thí nghiệm về thời trang và những thiết kế mang đậm tinh thần TEELAB của chúng tôi “Your body is your greatest canvas” hứa hẹn sẽ mang đến cho các bạn trẻ Việt Nam nhiều trải nghiệm thú vị và mới mẻ về thời trang đường phố. Đội ngũ Fashion Scientist của TEELAB luôn cố gắng hoàn thiện và phát triển sản phầm, để có thể mang tới cho khách hàng những sản phẩm có chất lượng tốt nhất, được nghiên cứu kỹ càng và đáp ứng những tiêu chuẩn điên rồ nhất từ phòng thí nghiệm của chúng tôi.', '2022-10-31 18:20:25', NULL, 'ao-thun-24.png', 1, 29),
(126, 'Áo Polo Local Brand Unisex Teelab Cat Vibe TS161', 139000, 100, 'TEELAB nơi bạn có thể thỏa sức thử nghiệm phong cách của mình. Được thành lập vào 2020 với rất nhiều những sự biến động của xã hội, TEELAB bắt đầu chặng đường viết lên câu chuyện của riêng mình. Khi văn hóa đường phố dần trở nên phổ biến hơn cũng là lúc nhu cầu được thỏa mãn đam mê về thời trang của những GenZ mãnh liệt hơn bao giờ hết. TEELAB, phòng thí nghiệm về thời trang và những thiết kế mang đậm tinh thần TEELAB của chúng tôi “Your body is your greatest canvas” hứa hẹn sẽ mang đến cho các bạn trẻ Việt Nam nhiều trải nghiệm thú vị và mới mẻ về thời trang đường phố. Đội ngũ Fashion Scientist của TEELAB luôn cố gắng hoàn thiện và phát triển sản phầm, để có thể mang tới cho khách hàng những sản phẩm có chất lượng tốt nhất, được nghiên cứu kỹ càng và đáp ứng những tiêu chuẩn điên rồ nhất từ phòng thí nghiệm của chúng tôi.', '2022-10-31 18:41:09', NULL, 'ao-polo-1.png', 1, 30),
(131, 'Áo Polo Local Brand Unisex Teelab Summer World Tour / Nâu TS153', 159000, 100, 'TEELAB nơi bạn có thể thỏa sức thử nghiệm phong cách của mình. Được thành lập vào 2020 với rất nhiều những sự biến động của xã hội, TEELAB bắt đầu chặng đường viết lên câu chuyện của riêng mình. Khi văn hóa đường phố dần trở nên phổ biến hơn cũng là lúc nhu cầu được thỏa mãn đam mê về thời trang của những GenZ mãnh liệt hơn bao giờ hết. TEELAB, phòng thí nghiệm về thời trang và những thiết kế mang đậm tinh thần TEELAB của chúng tôi “Your body is your greatest canvas” hứa hẹn sẽ mang đến cho các bạn trẻ Việt Nam nhiều trải nghiệm thú vị và mới mẻ về thời trang đường phố. Đội ngũ Fashion Scientist của TEELAB luôn cố gắng hoàn thiện và phát triển sản phầm, để có thể mang tới cho khách hàng những sản phẩm có chất lượng tốt nhất, được nghiên cứu kỹ càng và đáp ứng những tiêu chuẩn điên rồ nhất từ phòng thí nghiệm của chúng tôi.', '2022-10-31 18:42:18', NULL, 'ao-polo-2.png', 1, 30),
(132, 'Áo Polo Local Brand Unisex Teelab Summer World Tour / Kem TS153', 129000, 100, 'TEELAB nơi bạn có thể thỏa sức thử nghiệm phong cách của mình. Được thành lập vào 2020 với rất nhiều những sự biến động của xã hội, TEELAB bắt đầu chặng đường viết lên câu chuyện của riêng mình. Khi văn hóa đường phố dần trở nên phổ biến hơn cũng là lúc nhu cầu được thỏa mãn đam mê về thời trang của những GenZ mãnh liệt hơn bao giờ hết. TEELAB, phòng thí nghiệm về thời trang và những thiết kế mang đậm tinh thần TEELAB của chúng tôi “Your body is your greatest canvas” hứa hẹn sẽ mang đến cho các bạn trẻ Việt Nam nhiều trải nghiệm thú vị và mới mẻ về thời trang đường phố. Đội ngũ Fashion Scientist của TEELAB luôn cố gắng hoàn thiện và phát triển sản phầm, để có thể mang tới cho khách hàng những sản phẩm có chất lượng tốt nhất, được nghiên cứu kỹ càng và đáp ứng những tiêu chuẩn điên rồ nhất từ phòng thí nghiệm của chúng tôi.', '2022-10-31 18:42:18', NULL, 'ao-polo-3.png', 1, 30),
(133, 'Áo Polo Local Brand Unisex Teelab Gambling Cats / Đen TS150', 169000, 100, 'TEELAB nơi bạn có thể thỏa sức thử nghiệm phong cách của mình. Được thành lập vào 2020 với rất nhiều những sự biến động của xã hội, TEELAB bắt đầu chặng đường viết lên câu chuyện của riêng mình. Khi văn hóa đường phố dần trở nên phổ biến hơn cũng là lúc nhu cầu được thỏa mãn đam mê về thời trang của những GenZ mãnh liệt hơn bao giờ hết. TEELAB, phòng thí nghiệm về thời trang và những thiết kế mang đậm tinh thần TEELAB của chúng tôi “Your body is your greatest canvas” hứa hẹn sẽ mang đến cho các bạn trẻ Việt Nam nhiều trải nghiệm thú vị và mới mẻ về thời trang đường phố. Đội ngũ Fashion Scientist của TEELAB luôn cố gắng hoàn thiện và phát triển sản phầm, để có thể mang tới cho khách hàng những sản phẩm có chất lượng tốt nhất, được nghiên cứu kỹ càng và đáp ứng những tiêu chuẩn điên rồ nhất từ phòng thí nghiệm của chúng tôi.', '2022-10-31 18:42:18', NULL, 'ao-polo-4.png', 1, 30),
(134, 'Áo Polo Local Brand Unisex Teelab Cyborg Rabbit TS144', 139000, 100, 'TEELAB nơi bạn có thể thỏa sức thử nghiệm phong cách của mình. Được thành lập vào 2020 với rất nhiều những sự biến động của xã hội, TEELAB bắt đầu chặng đường viết lên câu chuyện của riêng mình. Khi văn hóa đường phố dần trở nên phổ biến hơn cũng là lúc nhu cầu được thỏa mãn đam mê về thời trang của những GenZ mãnh liệt hơn bao giờ hết. TEELAB, phòng thí nghiệm về thời trang và những thiết kế mang đậm tinh thần TEELAB của chúng tôi “Your body is your greatest canvas” hứa hẹn sẽ mang đến cho các bạn trẻ Việt Nam nhiều trải nghiệm thú vị và mới mẻ về thời trang đường phố. Đội ngũ Fashion Scientist của TEELAB luôn cố gắng hoàn thiện và phát triển sản phầm, để có thể mang tới cho khách hàng những sản phẩm có chất lượng tốt nhất, được nghiên cứu kỹ càng và đáp ứng những tiêu chuẩn điên rồ nhất từ phòng thí nghiệm của chúng tôi.', '2022-10-31 18:42:18', NULL, 'ao-polo-5.png', 1, 30),
(135, 'Áo Polo Local Brand Unisex Teelab Cyberpunk TS143', 169000, 100, 'TEELAB nơi bạn có thể thỏa sức thử nghiệm phong cách của mình. Được thành lập vào 2020 với rất nhiều những sự biến động của xã hội, TEELAB bắt đầu chặng đường viết lên câu chuyện của riêng mình. Khi văn hóa đường phố dần trở nên phổ biến hơn cũng là lúc nhu cầu được thỏa mãn đam mê về thời trang của những GenZ mãnh liệt hơn bao giờ hết. TEELAB, phòng thí nghiệm về thời trang và những thiết kế mang đậm tinh thần TEELAB của chúng tôi “Your body is your greatest canvas” hứa hẹn sẽ mang đến cho các bạn trẻ Việt Nam nhiều trải nghiệm thú vị và mới mẻ về thời trang đường phố. Đội ngũ Fashion Scientist của TEELAB luôn cố gắng hoàn thiện và phát triển sản phầm, để có thể mang tới cho khách hàng những sản phẩm có chất lượng tốt nhất, được nghiên cứu kỹ càng và đáp ứng những tiêu chuẩn điên rồ nhất từ phòng thí nghiệm của chúng tôi.', '2022-10-31 18:46:50', NULL, 'ao-polo-6.png', 1, 30),
(136, 'Áo Polo Local Brand Unisex Teelab Space Program: to Infinity and Beyond / Kem TS141', 159000, 100, 'TEELAB nơi bạn có thể thỏa sức thử nghiệm phong cách của mình. Được thành lập vào 2020 với rất nhiều những sự biến động của xã hội, TEELAB bắt đầu chặng đường viết lên câu chuyện của riêng mình. Khi văn hóa đường phố dần trở nên phổ biến hơn cũng là lúc nhu cầu được thỏa mãn đam mê về thời trang của những GenZ mãnh liệt hơn bao giờ hết. TEELAB, phòng thí nghiệm về thời trang và những thiết kế mang đậm tinh thần TEELAB của chúng tôi “Your body is your greatest canvas” hứa hẹn sẽ mang đến cho các bạn trẻ Việt Nam nhiều trải nghiệm thú vị và mới mẻ về thời trang đường phố. Đội ngũ Fashion Scientist của TEELAB luôn cố gắng hoàn thiện và phát triển sản phầm, để có thể mang tới cho khách hàng những sản phẩm có chất lượng tốt nhất, được nghiên cứu kỹ càng và đáp ứng những tiêu chuẩn điên rồ nhất từ phòng thí nghiệm của chúng tôi.', '2022-10-31 18:46:50', NULL, 'ao-polo-7.png', 1, 30),
(137, 'Áo Polo Local Brand Unisex Teelab Cat Vibe TS161', 139000, 100, 'TEELAB nơi bạn có thể thỏa sức thử nghiệm phong cách của mình. Được thành lập vào 2020 với rất nhiều những sự biến động của xã hội, TEELAB bắt đầu chặng đường viết lên câu chuyện của riêng mình. Khi văn hóa đường phố dần trở nên phổ biến hơn cũng là lúc nhu cầu được thỏa mãn đam mê về thời trang của những GenZ mãnh liệt hơn bao giờ hết. TEELAB, phòng thí nghiệm về thời trang và những thiết kế mang đậm tinh thần TEELAB của chúng tôi “Your body is your greatest canvas” hứa hẹn sẽ mang đến cho các bạn trẻ Việt Nam nhiều trải nghiệm thú vị và mới mẻ về thời trang đường phố. Đội ngũ Fashion Scientist của TEELAB luôn cố gắng hoàn thiện và phát triển sản phầm, để có thể mang tới cho khách hàng những sản phẩm có chất lượng tốt nhất, được nghiên cứu kỹ càng và đáp ứng những tiêu chuẩn điên rồ nhất từ phòng thí nghiệm của chúng tôi.', '2022-10-31 18:46:50', NULL, 'ao-polo-8.png', 1, 30),
(138, 'Áo Polo Local Brand Unisex Teelab Summer World Tour / Nâu TS153', 139000, 100, 'TEELAB nơi bạn có thể thỏa sức thử nghiệm phong cách của mình. Được thành lập vào 2020 với rất nhiều những sự biến động của xã hội, TEELAB bắt đầu chặng đường viết lên câu chuyện của riêng mình. Khi văn hóa đường phố dần trở nên phổ biến hơn cũng là lúc nhu cầu được thỏa mãn đam mê về thời trang của những GenZ mãnh liệt hơn bao giờ hết. TEELAB, phòng thí nghiệm về thời trang và những thiết kế mang đậm tinh thần TEELAB của chúng tôi “Your body is your greatest canvas” hứa hẹn sẽ mang đến cho các bạn trẻ Việt Nam nhiều trải nghiệm thú vị và mới mẻ về thời trang đường phố. Đội ngũ Fashion Scientist của TEELAB luôn cố gắng hoàn thiện và phát triển sản phầm, để có thể mang tới cho khách hàng những sản phẩm có chất lượng tốt nhất, được nghiên cứu kỹ càng và đáp ứng những tiêu chuẩn điên rồ nhất từ phòng thí nghiệm của chúng tôi.', '2022-10-31 18:46:50', NULL, 'ao-polo-9.png', 1, 30),
(139, 'Áo Polo Local Brand Unisex Teelab Summer World Tour / Kem TS153', 129000, 100, 'TEELAB nơi bạn có thể thỏa sức thử nghiệm phong cách của mình. Được thành lập vào 2020 với rất nhiều những sự biến động của xã hội, TEELAB bắt đầu chặng đường viết lên câu chuyện của riêng mình. Khi văn hóa đường phố dần trở nên phổ biến hơn cũng là lúc nhu cầu được thỏa mãn đam mê về thời trang của những GenZ mãnh liệt hơn bao giờ hết. TEELAB, phòng thí nghiệm về thời trang và những thiết kế mang đậm tinh thần TEELAB của chúng tôi “Your body is your greatest canvas” hứa hẹn sẽ mang đến cho các bạn trẻ Việt Nam nhiều trải nghiệm thú vị và mới mẻ về thời trang đường phố. Đội ngũ Fashion Scientist của TEELAB luôn cố gắng hoàn thiện và phát triển sản phầm, để có thể mang tới cho khách hàng những sản phẩm có chất lượng tốt nhất, được nghiên cứu kỹ càng và đáp ứng những tiêu chuẩn điên rồ nhất từ phòng thí nghiệm của chúng tôi.', '2022-10-31 18:46:50', NULL, 'ao-polo-10.png', 1, 30),
(140, 'Áo Polo Local Brand Unisex Teelab Cat Vibe TS161', 139000, 100, 'TEELAB nơi bạn có thể thỏa sức thử nghiệm phong cách của mình. Được thành lập vào 2020 với rất nhiều những sự biến động của xã hội, TEELAB bắt đầu chặng đường viết lên câu chuyện của riêng mình. Khi văn hóa đường phố dần trở nên phổ biến hơn cũng là lúc nhu cầu được thỏa mãn đam mê về thời trang của những GenZ mãnh liệt hơn bao giờ hết. TEELAB, phòng thí nghiệm về thời trang và những thiết kế mang đậm tinh thần TEELAB của chúng tôi “Your body is your greatest canvas” hứa hẹn sẽ mang đến cho các bạn trẻ Việt Nam nhiều trải nghiệm thú vị và mới mẻ về thời trang đường phố. Đội ngũ Fashion Scientist của TEELAB luôn cố gắng hoàn thiện và phát triển sản phầm, để có thể mang tới cho khách hàng những sản phẩm có chất lượng tốt nhất, được nghiên cứu kỹ càng và đáp ứng những tiêu chuẩn điên rồ nhất từ phòng thí nghiệm của chúng tôi.', '2022-10-31 18:48:43', NULL, 'ao-polo-11.png', 1, 30),
(141, 'Áo Polo Local Brand Unisex Teelab Summer World Tour / Nâu TS153', 159000, 100, 'TEELAB nơi bạn có thể thỏa sức thử nghiệm phong cách của mình. Được thành lập vào 2020 với rất nhiều những sự biến động của xã hội, TEELAB bắt đầu chặng đường viết lên câu chuyện của riêng mình. Khi văn hóa đường phố dần trở nên phổ biến hơn cũng là lúc nhu cầu được thỏa mãn đam mê về thời trang của những GenZ mãnh liệt hơn bao giờ hết. TEELAB, phòng thí nghiệm về thời trang và những thiết kế mang đậm tinh thần TEELAB của chúng tôi “Your body is your greatest canvas” hứa hẹn sẽ mang đến cho các bạn trẻ Việt Nam nhiều trải nghiệm thú vị và mới mẻ về thời trang đường phố. Đội ngũ Fashion Scientist của TEELAB luôn cố gắng hoàn thiện và phát triển sản phầm, để có thể mang tới cho khách hàng những sản phẩm có chất lượng tốt nhất, được nghiên cứu kỹ càng và đáp ứng những tiêu chuẩn điên rồ nhất từ phòng thí nghiệm của chúng tôi.', '2022-10-31 18:48:43', NULL, 'ao-polo-12.png', 1, 30),
(142, 'Áo Polo Local Brand Unisex Teelab Summer World Tour / Kem TS153', 129000, 100, 'TEELAB nơi bạn có thể thỏa sức thử nghiệm phong cách của mình. Được thành lập vào 2020 với rất nhiều những sự biến động của xã hội, TEELAB bắt đầu chặng đường viết lên câu chuyện của riêng mình. Khi văn hóa đường phố dần trở nên phổ biến hơn cũng là lúc nhu cầu được thỏa mãn đam mê về thời trang của những GenZ mãnh liệt hơn bao giờ hết. TEELAB, phòng thí nghiệm về thời trang và những thiết kế mang đậm tinh thần TEELAB của chúng tôi “Your body is your greatest canvas” hứa hẹn sẽ mang đến cho các bạn trẻ Việt Nam nhiều trải nghiệm thú vị và mới mẻ về thời trang đường phố. Đội ngũ Fashion Scientist của TEELAB luôn cố gắng hoàn thiện và phát triển sản phầm, để có thể mang tới cho khách hàng những sản phẩm có chất lượng tốt nhất, được nghiên cứu kỹ càng và đáp ứng những tiêu chuẩn điên rồ nhất từ phòng thí nghiệm của chúng tôi.', '2022-10-31 18:48:43', NULL, 'ao-polo-13.png', 1, 30),
(143, 'Áo Polo Local Brand Unisex Teelab Gambling Cats / Đen TS150', 169000, 100, 'TEELAB nơi bạn có thể thỏa sức thử nghiệm phong cách của mình. Được thành lập vào 2020 với rất nhiều những sự biến động của xã hội, TEELAB bắt đầu chặng đường viết lên câu chuyện của riêng mình. Khi văn hóa đường phố dần trở nên phổ biến hơn cũng là lúc nhu cầu được thỏa mãn đam mê về thời trang của những GenZ mãnh liệt hơn bao giờ hết. TEELAB, phòng thí nghiệm về thời trang và những thiết kế mang đậm tinh thần TEELAB của chúng tôi “Your body is your greatest canvas” hứa hẹn sẽ mang đến cho các bạn trẻ Việt Nam nhiều trải nghiệm thú vị và mới mẻ về thời trang đường phố. Đội ngũ Fashion Scientist của TEELAB luôn cố gắng hoàn thiện và phát triển sản phầm, để có thể mang tới cho khách hàng những sản phẩm có chất lượng tốt nhất, được nghiên cứu kỹ càng và đáp ứng những tiêu chuẩn điên rồ nhất từ phòng thí nghiệm của chúng tôi.', '2022-10-31 18:48:43', NULL, 'ao-polo-14.png', 1, 30),
(144, 'Áo Polo Local Brand Unisex Teelab Cyborg Rabbit TS144', 139000, 100, 'TEELAB nơi bạn có thể thỏa sức thử nghiệm phong cách của mình. Được thành lập vào 2020 với rất nhiều những sự biến động của xã hội, TEELAB bắt đầu chặng đường viết lên câu chuyện của riêng mình. Khi văn hóa đường phố dần trở nên phổ biến hơn cũng là lúc nhu cầu được thỏa mãn đam mê về thời trang của những GenZ mãnh liệt hơn bao giờ hết. TEELAB, phòng thí nghiệm về thời trang và những thiết kế mang đậm tinh thần TEELAB của chúng tôi “Your body is your greatest canvas” hứa hẹn sẽ mang đến cho các bạn trẻ Việt Nam nhiều trải nghiệm thú vị và mới mẻ về thời trang đường phố. Đội ngũ Fashion Scientist của TEELAB luôn cố gắng hoàn thiện và phát triển sản phầm, để có thể mang tới cho khách hàng những sản phẩm có chất lượng tốt nhất, được nghiên cứu kỹ càng và đáp ứng những tiêu chuẩn điên rồ nhất từ phòng thí nghiệm của chúng tôi.', '2022-10-31 18:48:43', NULL, 'ao-polo-15.png', 1, 30),
(145, 'Áo Polo Local Brand Unisex Teelab Cyberpunk TS143', 169000, 100, 'TEELAB nơi bạn có thể thỏa sức thử nghiệm phong cách của mình. Được thành lập vào 2020 với rất nhiều những sự biến động của xã hội, TEELAB bắt đầu chặng đường viết lên câu chuyện của riêng mình. Khi văn hóa đường phố dần trở nên phổ biến hơn cũng là lúc nhu cầu được thỏa mãn đam mê về thời trang của những GenZ mãnh liệt hơn bao giờ hết. TEELAB, phòng thí nghiệm về thời trang và những thiết kế mang đậm tinh thần TEELAB của chúng tôi “Your body is your greatest canvas” hứa hẹn sẽ mang đến cho các bạn trẻ Việt Nam nhiều trải nghiệm thú vị và mới mẻ về thời trang đường phố. Đội ngũ Fashion Scientist của TEELAB luôn cố gắng hoàn thiện và phát triển sản phầm, để có thể mang tới cho khách hàng những sản phẩm có chất lượng tốt nhất, được nghiên cứu kỹ càng và đáp ứng những tiêu chuẩn điên rồ nhất từ phòng thí nghiệm của chúng tôi.', '2022-10-31 18:48:43', NULL, 'ao-polo-16.png', 1, 30),
(146, 'Áo Polo Local Brand Unisex Teelab Space Program: to Infinity and Beyond / Kem TS141', 159000, 100, 'TEELAB nơi bạn có thể thỏa sức thử nghiệm phong cách của mình. Được thành lập vào 2020 với rất nhiều những sự biến động của xã hội, TEELAB bắt đầu chặng đường viết lên câu chuyện của riêng mình. Khi văn hóa đường phố dần trở nên phổ biến hơn cũng là lúc nhu cầu được thỏa mãn đam mê về thời trang của những GenZ mãnh liệt hơn bao giờ hết. TEELAB, phòng thí nghiệm về thời trang và những thiết kế mang đậm tinh thần TEELAB của chúng tôi “Your body is your greatest canvas” hứa hẹn sẽ mang đến cho các bạn trẻ Việt Nam nhiều trải nghiệm thú vị và mới mẻ về thời trang đường phố. Đội ngũ Fashion Scientist của TEELAB luôn cố gắng hoàn thiện và phát triển sản phầm, để có thể mang tới cho khách hàng những sản phẩm có chất lượng tốt nhất, được nghiên cứu kỹ càng và đáp ứng những tiêu chuẩn điên rồ nhất từ phòng thí nghiệm của chúng tôi.', '2022-10-31 18:48:43', NULL, 'ao-polo-17.png', 1, 30),
(147, 'Áo Polo Local Brand Unisex Teelab Cat Vibe TS161', 139000, 100, 'TEELAB nơi bạn có thể thỏa sức thử nghiệm phong cách của mình. Được thành lập vào 2020 với rất nhiều những sự biến động của xã hội, TEELAB bắt đầu chặng đường viết lên câu chuyện của riêng mình. Khi văn hóa đường phố dần trở nên phổ biến hơn cũng là lúc nhu cầu được thỏa mãn đam mê về thời trang của những GenZ mãnh liệt hơn bao giờ hết. TEELAB, phòng thí nghiệm về thời trang và những thiết kế mang đậm tinh thần TEELAB của chúng tôi “Your body is your greatest canvas” hứa hẹn sẽ mang đến cho các bạn trẻ Việt Nam nhiều trải nghiệm thú vị và mới mẻ về thời trang đường phố. Đội ngũ Fashion Scientist của TEELAB luôn cố gắng hoàn thiện và phát triển sản phầm, để có thể mang tới cho khách hàng những sản phẩm có chất lượng tốt nhất, được nghiên cứu kỹ càng và đáp ứng những tiêu chuẩn điên rồ nhất từ phòng thí nghiệm của chúng tôi.', '2022-10-31 18:48:43', NULL, 'ao-polo-18.png', 1, 30),
(148, 'Áo Polo Local Brand Unisex Teelab Summer World Tour / Nâu TS153', 139000, 100, 'TEELAB nơi bạn có thể thỏa sức thử nghiệm phong cách của mình. Được thành lập vào 2020 với rất nhiều những sự biến động của xã hội, TEELAB bắt đầu chặng đường viết lên câu chuyện của riêng mình. Khi văn hóa đường phố dần trở nên phổ biến hơn cũng là lúc nhu cầu được thỏa mãn đam mê về thời trang của những GenZ mãnh liệt hơn bao giờ hết. TEELAB, phòng thí nghiệm về thời trang và những thiết kế mang đậm tinh thần TEELAB của chúng tôi “Your body is your greatest canvas” hứa hẹn sẽ mang đến cho các bạn trẻ Việt Nam nhiều trải nghiệm thú vị và mới mẻ về thời trang đường phố. Đội ngũ Fashion Scientist của TEELAB luôn cố gắng hoàn thiện và phát triển sản phầm, để có thể mang tới cho khách hàng những sản phẩm có chất lượng tốt nhất, được nghiên cứu kỹ càng và đáp ứng những tiêu chuẩn điên rồ nhất từ phòng thí nghiệm của chúng tôi.', '2022-10-31 18:48:43', NULL, 'ao-polo-19.png', 1, 30),
(149, 'Áo Polo Local Brand Unisex Teelab Summer World Tour / Kem TS153', 129000, 100, 'TEELAB nơi bạn có thể thỏa sức thử nghiệm phong cách của mình. Được thành lập vào 2020 với rất nhiều những sự biến động của xã hội, TEELAB bắt đầu chặng đường viết lên câu chuyện của riêng mình. Khi văn hóa đường phố dần trở nên phổ biến hơn cũng là lúc nhu cầu được thỏa mãn đam mê về thời trang của những GenZ mãnh liệt hơn bao giờ hết. TEELAB, phòng thí nghiệm về thời trang và những thiết kế mang đậm tinh thần TEELAB của chúng tôi “Your body is your greatest canvas” hứa hẹn sẽ mang đến cho các bạn trẻ Việt Nam nhiều trải nghiệm thú vị và mới mẻ về thời trang đường phố. Đội ngũ Fashion Scientist của TEELAB luôn cố gắng hoàn thiện và phát triển sản phầm, để có thể mang tới cho khách hàng những sản phẩm có chất lượng tốt nhất, được nghiên cứu kỹ càng và đáp ứng những tiêu chuẩn điên rồ nhất từ phòng thí nghiệm của chúng tôi.', '2022-10-31 18:48:43', NULL, 'ao-polo-20.png', 1, 30),
(150, 'Áo Polo Local Brand Unisex Teelab Cat Vibe TS161', 139000, 100, 'TEELAB nơi bạn có thể thỏa sức thử nghiệm phong cách của mình. Được thành lập vào 2020 với rất nhiều những sự biến động của xã hội, TEELAB bắt đầu chặng đường viết lên câu chuyện của riêng mình. Khi văn hóa đường phố dần trở nên phổ biến hơn cũng là lúc nhu cầu được thỏa mãn đam mê về thời trang của những GenZ mãnh liệt hơn bao giờ hết. TEELAB, phòng thí nghiệm về thời trang và những thiết kế mang đậm tinh thần TEELAB của chúng tôi “Your body is your greatest canvas” hứa hẹn sẽ mang đến cho các bạn trẻ Việt Nam nhiều trải nghiệm thú vị và mới mẻ về thời trang đường phố. Đội ngũ Fashion Scientist của TEELAB luôn cố gắng hoàn thiện và phát triển sản phầm, để có thể mang tới cho khách hàng những sản phẩm có chất lượng tốt nhất, được nghiên cứu kỹ càng và đáp ứng những tiêu chuẩn điên rồ nhất từ phòng thí nghiệm của chúng tôi.', '2022-10-31 18:49:43', NULL, 'ao-polo-21.png', 1, 30),
(151, 'Áo Polo Local Brand Unisex Teelab Summer World Tour / Nâu TS153', 159000, 100, 'TEELAB nơi bạn có thể thỏa sức thử nghiệm phong cách của mình. Được thành lập vào 2020 với rất nhiều những sự biến động của xã hội, TEELAB bắt đầu chặng đường viết lên câu chuyện của riêng mình. Khi văn hóa đường phố dần trở nên phổ biến hơn cũng là lúc nhu cầu được thỏa mãn đam mê về thời trang của những GenZ mãnh liệt hơn bao giờ hết. TEELAB, phòng thí nghiệm về thời trang và những thiết kế mang đậm tinh thần TEELAB của chúng tôi “Your body is your greatest canvas” hứa hẹn sẽ mang đến cho các bạn trẻ Việt Nam nhiều trải nghiệm thú vị và mới mẻ về thời trang đường phố. Đội ngũ Fashion Scientist của TEELAB luôn cố gắng hoàn thiện và phát triển sản phầm, để có thể mang tới cho khách hàng những sản phẩm có chất lượng tốt nhất, được nghiên cứu kỹ càng và đáp ứng những tiêu chuẩn điên rồ nhất từ phòng thí nghiệm của chúng tôi.', '2022-10-31 18:49:43', NULL, 'ao-polo-22.png', 1, 30),
(152, 'Áo Polo Local Brand Unisex Teelab Summer World Tour / Kem TS153', 129000, 100, 'TEELAB nơi bạn có thể thỏa sức thử nghiệm phong cách của mình. Được thành lập vào 2020 với rất nhiều những sự biến động của xã hội, TEELAB bắt đầu chặng đường viết lên câu chuyện của riêng mình. Khi văn hóa đường phố dần trở nên phổ biến hơn cũng là lúc nhu cầu được thỏa mãn đam mê về thời trang của những GenZ mãnh liệt hơn bao giờ hết. TEELAB, phòng thí nghiệm về thời trang và những thiết kế mang đậm tinh thần TEELAB của chúng tôi “Your body is your greatest canvas” hứa hẹn sẽ mang đến cho các bạn trẻ Việt Nam nhiều trải nghiệm thú vị và mới mẻ về thời trang đường phố. Đội ngũ Fashion Scientist của TEELAB luôn cố gắng hoàn thiện và phát triển sản phầm, để có thể mang tới cho khách hàng những sản phẩm có chất lượng tốt nhất, được nghiên cứu kỹ càng và đáp ứng những tiêu chuẩn điên rồ nhất từ phòng thí nghiệm của chúng tôi.', '2022-10-31 18:49:43', NULL, 'ao-polo-23.png', 1, 30),
(153, 'Áo Polo Local Brand Unisex Teelab Gambling Cats / Đen TS150', 169000, 100, 'TEELAB nơi bạn có thể thỏa sức thử nghiệm phong cách của mình. Được thành lập vào 2020 với rất nhiều những sự biến động của xã hội, TEELAB bắt đầu chặng đường viết lên câu chuyện của riêng mình. Khi văn hóa đường phố dần trở nên phổ biến hơn cũng là lúc nhu cầu được thỏa mãn đam mê về thời trang của những GenZ mãnh liệt hơn bao giờ hết. TEELAB, phòng thí nghiệm về thời trang và những thiết kế mang đậm tinh thần TEELAB của chúng tôi “Your body is your greatest canvas” hứa hẹn sẽ mang đến cho các bạn trẻ Việt Nam nhiều trải nghiệm thú vị và mới mẻ về thời trang đường phố. Đội ngũ Fashion Scientist của TEELAB luôn cố gắng hoàn thiện và phát triển sản phầm, để có thể mang tới cho khách hàng những sản phẩm có chất lượng tốt nhất, được nghiên cứu kỹ càng và đáp ứng những tiêu chuẩn điên rồ nhất từ phòng thí nghiệm của chúng tôi.', '2022-10-31 18:49:43', NULL, 'ao-polo-24.png', 1, 30),
(157, 'Áo Sơ Mi Local Brand Unisex Teelab Gambling Cats / Đen TS150', 139000, 50, 'TEELAB nơi bạn có thể thỏa sức thử nghiệm phong cách của mình. Được thành lập vào 2020 với rất nhiều những sự biến động của xã hội, TEELAB bắt đầu chặng đường viết lên câu chuyện của riêng mình. Khi văn hóa đường phố dần trở nên phổ biến hơn cũng là lúc nhu cầu được thỏa mãn đam mê về thời trang của những GenZ mãnh liệt hơn bao giờ hết. TEELAB, phòng thí nghiệm về thời trang và những thiết kế mang đậm tinh thần TEELAB của chúng tôi “Your body is your greatest canvas” hứa hẹn sẽ mang đến cho các bạn trẻ Việt Nam nhiều trải nghiệm thú vị và mới mẻ về thời trang đường phố. Đội ngũ Fashion Scientist của TEELAB luôn cố gắng hoàn thiện và phát triển sản phầm, để có thể mang tới cho khách hàng những sản phẩm có chất lượng tốt nhất, được nghiên cứu kỹ càng và đáp ứng những tiêu chuẩn điên rồ nhất từ phòng thí nghiệm của chúng tôi.', '2022-10-31 19:01:36', NULL, 'ao-so-mi-4.png', 1, 31),
(158, 'Áo Sơ Mi Local Brand Unisex Teelab Cyborg Rabbit TS144', 179000, 100, 'TEELAB nơi bạn có thể thỏa sức thử nghiệm phong cách của mình. Được thành lập vào 2020 với rất nhiều những sự biến động của xã hội, TEELAB bắt đầu chặng đường viết lên câu chuyện của riêng mình. Khi văn hóa đường phố dần trở nên phổ biến hơn cũng là lúc nhu cầu được thỏa mãn đam mê về thời trang của những GenZ mãnh liệt hơn bao giờ hết. TEELAB, phòng thí nghiệm về thời trang và những thiết kế mang đậm tinh thần TEELAB của chúng tôi “Your body is your greatest canvas” hứa hẹn sẽ mang đến cho các bạn trẻ Việt Nam nhiều trải nghiệm thú vị và mới mẻ về thời trang đường phố. Đội ngũ Fashion Scientist của TEELAB luôn cố gắng hoàn thiện và phát triển sản phầm, để có thể mang tới cho khách hàng những sản phẩm có chất lượng tốt nhất, được nghiên cứu kỹ càng và đáp ứng những tiêu chuẩn điên rồ nhất từ phòng thí nghiệm của chúng tôi.', '2022-10-31 19:01:36', NULL, 'ao-so-mi-5.png', 1, 31),
(159, 'Áo Sơ Mi Local Brand Unisex Teelab Cyberpunk TS143', 139000, 100, 'TEELAB nơi bạn có thể thỏa sức thử nghiệm phong cách của mình. Được thành lập vào 2020 với rất nhiều những sự biến động của xã hội, TEELAB bắt đầu chặng đường viết lên câu chuyện của riêng mình. Khi văn hóa đường phố dần trở nên phổ biến hơn cũng là lúc nhu cầu được thỏa mãn đam mê về thời trang của những GenZ mãnh liệt hơn bao giờ hết. TEELAB, phòng thí nghiệm về thời trang và những thiết kế mang đậm tinh thần TEELAB của chúng tôi “Your body is your greatest canvas” hứa hẹn sẽ mang đến cho các bạn trẻ Việt Nam nhiều trải nghiệm thú vị và mới mẻ về thời trang đường phố. Đội ngũ Fashion Scientist của TEELAB luôn cố gắng hoàn thiện và phát triển sản phầm, để có thể mang tới cho khách hàng những sản phẩm có chất lượng tốt nhất, được nghiên cứu kỹ càng và đáp ứng những tiêu chuẩn điên rồ nhất từ phòng thí nghiệm của chúng tôi.', '2022-10-31 19:01:36', NULL, 'ao-so-mi-6.png', 1, 31);
INSERT INTO `product` (`id`, `name`, `price`, `quantity`, `description`, `created_at`, `updated_at`, `thumbnail`, `status`, `category_id`) VALUES
(160, 'Áo Sơ Mi Local Brand Unisex Teelab Space Program: to Infinity and Beyond / Kem TS141', 139000, 100, 'TEELAB nơi bạn có thể thỏa sức thử nghiệm phong cách của mình. Được thành lập vào 2020 với rất nhiều những sự biến động của xã hội, TEELAB bắt đầu chặng đường viết lên câu chuyện của riêng mình. Khi văn hóa đường phố dần trở nên phổ biến hơn cũng là lúc nhu cầu được thỏa mãn đam mê về thời trang của những GenZ mãnh liệt hơn bao giờ hết. TEELAB, phòng thí nghiệm về thời trang và những thiết kế mang đậm tinh thần TEELAB của chúng tôi “Your body is your greatest canvas” hứa hẹn sẽ mang đến cho các bạn trẻ Việt Nam nhiều trải nghiệm thú vị và mới mẻ về thời trang đường phố. Đội ngũ Fashion Scientist của TEELAB luôn cố gắng hoàn thiện và phát triển sản phầm, để có thể mang tới cho khách hàng những sản phẩm có chất lượng tốt nhất, được nghiên cứu kỹ càng và đáp ứng những tiêu chuẩn điên rồ nhất từ phòng thí nghiệm của chúng tôi.', '2022-10-31 19:01:36', NULL, 'ao-so-mi-7.png', 1, 31),
(161, 'Áo Sơ Mi Local Brand Unisex Teelab Cat Vibe TS161', 139000, 100, 'TEELAB nơi bạn có thể thỏa sức thử nghiệm phong cách của mình. Được thành lập vào 2020 với rất nhiều những sự biến động của xã hội, TEELAB bắt đầu chặng đường viết lên câu chuyện của riêng mình. Khi văn hóa đường phố dần trở nên phổ biến hơn cũng là lúc nhu cầu được thỏa mãn đam mê về thời trang của những GenZ mãnh liệt hơn bao giờ hết. TEELAB, phòng thí nghiệm về thời trang và những thiết kế mang đậm tinh thần TEELAB của chúng tôi “Your body is your greatest canvas” hứa hẹn sẽ mang đến cho các bạn trẻ Việt Nam nhiều trải nghiệm thú vị và mới mẻ về thời trang đường phố. Đội ngũ Fashion Scientist của TEELAB luôn cố gắng hoàn thiện và phát triển sản phầm, để có thể mang tới cho khách hàng những sản phẩm có chất lượng tốt nhất, được nghiên cứu kỹ càng và đáp ứng những tiêu chuẩn điên rồ nhất từ phòng thí nghiệm của chúng tôi.', '2022-10-31 19:01:36', NULL, 'ao-so-mi-8.png', 1, 31),
(162, 'Áo Sơ Mi Local Brand Unisex Teelab Summer World Tour / Nâu TS153', 169000, 100, 'TEELAB nơi bạn có thể thỏa sức thử nghiệm phong cách của mình. Được thành lập vào 2020 với rất nhiều những sự biến động của xã hội, TEELAB bắt đầu chặng đường viết lên câu chuyện của riêng mình. Khi văn hóa đường phố dần trở nên phổ biến hơn cũng là lúc nhu cầu được thỏa mãn đam mê về thời trang của những GenZ mãnh liệt hơn bao giờ hết. TEELAB, phòng thí nghiệm về thời trang và những thiết kế mang đậm tinh thần TEELAB của chúng tôi “Your body is your greatest canvas” hứa hẹn sẽ mang đến cho các bạn trẻ Việt Nam nhiều trải nghiệm thú vị và mới mẻ về thời trang đường phố. Đội ngũ Fashion Scientist của TEELAB luôn cố gắng hoàn thiện và phát triển sản phầm, để có thể mang tới cho khách hàng những sản phẩm có chất lượng tốt nhất, được nghiên cứu kỹ càng và đáp ứng những tiêu chuẩn điên rồ nhất từ phòng thí nghiệm của chúng tôi.', '2022-10-31 19:01:36', NULL, 'ao-so-mi-9.png', 1, 31),
(163, 'Áo Sơ Mi Local Brand Unisex Teelab Summer World Tour / Kem TS153', 169000, 100, 'TEELAB nơi bạn có thể thỏa sức thử nghiệm phong cách của mình. Được thành lập vào 2020 với rất nhiều những sự biến động của xã hội, TEELAB bắt đầu chặng đường viết lên câu chuyện của riêng mình. Khi văn hóa đường phố dần trở nên phổ biến hơn cũng là lúc nhu cầu được thỏa mãn đam mê về thời trang của những GenZ mãnh liệt hơn bao giờ hết. TEELAB, phòng thí nghiệm về thời trang và những thiết kế mang đậm tinh thần TEELAB của chúng tôi “Your body is your greatest canvas” hứa hẹn sẽ mang đến cho các bạn trẻ Việt Nam nhiều trải nghiệm thú vị và mới mẻ về thời trang đường phố. Đội ngũ Fashion Scientist của TEELAB luôn cố gắng hoàn thiện và phát triển sản phầm, để có thể mang tới cho khách hàng những sản phẩm có chất lượng tốt nhất, được nghiên cứu kỹ càng và đáp ứng những tiêu chuẩn điên rồ nhất từ phòng thí nghiệm của chúng tôi.', '2022-10-31 19:01:36', NULL, 'ao-so-mi-10.png', 1, 31),
(164, 'Áo Sơ Mi Local Brand Unisex Teelab Cat Vibe TS161', 169000, 100, 'TEELAB nơi bạn có thể thỏa sức thử nghiệm phong cách của mình. Được thành lập vào 2020 với rất nhiều những sự biến động của xã hội, TEELAB bắt đầu chặng đường viết lên câu chuyện của riêng mình. Khi văn hóa đường phố dần trở nên phổ biến hơn cũng là lúc nhu cầu được thỏa mãn đam mê về thời trang của những GenZ mãnh liệt hơn bao giờ hết. TEELAB, phòng thí nghiệm về thời trang và những thiết kế mang đậm tinh thần TEELAB của chúng tôi “Your body is your greatest canvas” hứa hẹn sẽ mang đến cho các bạn trẻ Việt Nam nhiều trải nghiệm thú vị và mới mẻ về thời trang đường phố. Đội ngũ Fashion Scientist của TEELAB luôn cố gắng hoàn thiện và phát triển sản phầm, để có thể mang tới cho khách hàng những sản phẩm có chất lượng tốt nhất, được nghiên cứu kỹ càng và đáp ứng những tiêu chuẩn điên rồ nhất từ phòng thí nghiệm của chúng tôi.', '2022-10-31 19:03:04', NULL, 'ao-so-mi-11.png', 1, 31),
(165, 'Áo Sơ Mi Local Brand Unisex Teelab Summer World Tour / Nâu TS153', 139000, 50, 'TEELAB nơi bạn có thể thỏa sức thử nghiệm phong cách của mình. Được thành lập vào 2020 với rất nhiều những sự biến động của xã hội, TEELAB bắt đầu chặng đường viết lên câu chuyện của riêng mình. Khi văn hóa đường phố dần trở nên phổ biến hơn cũng là lúc nhu cầu được thỏa mãn đam mê về thời trang của những GenZ mãnh liệt hơn bao giờ hết. TEELAB, phòng thí nghiệm về thời trang và những thiết kế mang đậm tinh thần TEELAB của chúng tôi “Your body is your greatest canvas” hứa hẹn sẽ mang đến cho các bạn trẻ Việt Nam nhiều trải nghiệm thú vị và mới mẻ về thời trang đường phố. Đội ngũ Fashion Scientist của TEELAB luôn cố gắng hoàn thiện và phát triển sản phầm, để có thể mang tới cho khách hàng những sản phẩm có chất lượng tốt nhất, được nghiên cứu kỹ càng và đáp ứng những tiêu chuẩn điên rồ nhất từ phòng thí nghiệm của chúng tôi.', '2022-10-31 19:03:04', NULL, 'ao-so-mi-12.png', 1, 31),
(166, 'Áo Sơ Mi Local Brand Unisex Teelab Summer World Tour / Kem TS153', 179000, 50, 'TEELAB nơi bạn có thể thỏa sức thử nghiệm phong cách của mình. Được thành lập vào 2020 với rất nhiều những sự biến động của xã hội, TEELAB bắt đầu chặng đường viết lên câu chuyện của riêng mình. Khi văn hóa đường phố dần trở nên phổ biến hơn cũng là lúc nhu cầu được thỏa mãn đam mê về thời trang của những GenZ mãnh liệt hơn bao giờ hết. TEELAB, phòng thí nghiệm về thời trang và những thiết kế mang đậm tinh thần TEELAB của chúng tôi “Your body is your greatest canvas” hứa hẹn sẽ mang đến cho các bạn trẻ Việt Nam nhiều trải nghiệm thú vị và mới mẻ về thời trang đường phố. Đội ngũ Fashion Scientist của TEELAB luôn cố gắng hoàn thiện và phát triển sản phầm, để có thể mang tới cho khách hàng những sản phẩm có chất lượng tốt nhất, được nghiên cứu kỹ càng và đáp ứng những tiêu chuẩn điên rồ nhất từ phòng thí nghiệm của chúng tôi.', '2022-10-31 19:03:04', NULL, 'ao-so-mi-13.png', 1, 31),
(167, 'Áo Sơ Mi Local Brand Unisex Teelab Gambling Cats / Đen TS150', 139000, 150, 'TEELAB nơi bạn có thể thỏa sức thử nghiệm phong cách của mình. Được thành lập vào 2020 với rất nhiều những sự biến động của xã hội, TEELAB bắt đầu chặng đường viết lên câu chuyện của riêng mình. Khi văn hóa đường phố dần trở nên phổ biến hơn cũng là lúc nhu cầu được thỏa mãn đam mê về thời trang của những GenZ mãnh liệt hơn bao giờ hết. TEELAB, phòng thí nghiệm về thời trang và những thiết kế mang đậm tinh thần TEELAB của chúng tôi “Your body is your greatest canvas” hứa hẹn sẽ mang đến cho các bạn trẻ Việt Nam nhiều trải nghiệm thú vị và mới mẻ về thời trang đường phố. Đội ngũ Fashion Scientist của TEELAB luôn cố gắng hoàn thiện và phát triển sản phầm, để có thể mang tới cho khách hàng những sản phẩm có chất lượng tốt nhất, được nghiên cứu kỹ càng và đáp ứng những tiêu chuẩn điên rồ nhất từ phòng thí nghiệm của chúng tôi.', '2022-10-31 19:03:04', NULL, 'ao-so-mi-14.png', 1, 31),
(168, 'Áo Sơ Mi Local Brand Unisex Teelab Cyborg Rabbit TS144', 179000, 100, 'TEELAB nơi bạn có thể thỏa sức thử nghiệm phong cách của mình. Được thành lập vào 2020 với rất nhiều những sự biến động của xã hội, TEELAB bắt đầu chặng đường viết lên câu chuyện của riêng mình. Khi văn hóa đường phố dần trở nên phổ biến hơn cũng là lúc nhu cầu được thỏa mãn đam mê về thời trang của những GenZ mãnh liệt hơn bao giờ hết. TEELAB, phòng thí nghiệm về thời trang và những thiết kế mang đậm tinh thần TEELAB của chúng tôi “Your body is your greatest canvas” hứa hẹn sẽ mang đến cho các bạn trẻ Việt Nam nhiều trải nghiệm thú vị và mới mẻ về thời trang đường phố. Đội ngũ Fashion Scientist của TEELAB luôn cố gắng hoàn thiện và phát triển sản phầm, để có thể mang tới cho khách hàng những sản phẩm có chất lượng tốt nhất, được nghiên cứu kỹ càng và đáp ứng những tiêu chuẩn điên rồ nhất từ phòng thí nghiệm của chúng tôi.', '2022-10-31 19:03:04', NULL, 'ao-so-mi-15.png', 1, 31),
(169, 'Áo Sơ Mi Local Brand Unisex Teelab Cyberpunk TS143', 139000, 100, 'TEELAB nơi bạn có thể thỏa sức thử nghiệm phong cách của mình. Được thành lập vào 2020 với rất nhiều những sự biến động của xã hội, TEELAB bắt đầu chặng đường viết lên câu chuyện của riêng mình. Khi văn hóa đường phố dần trở nên phổ biến hơn cũng là lúc nhu cầu được thỏa mãn đam mê về thời trang của những GenZ mãnh liệt hơn bao giờ hết. TEELAB, phòng thí nghiệm về thời trang và những thiết kế mang đậm tinh thần TEELAB của chúng tôi “Your body is your greatest canvas” hứa hẹn sẽ mang đến cho các bạn trẻ Việt Nam nhiều trải nghiệm thú vị và mới mẻ về thời trang đường phố. Đội ngũ Fashion Scientist của TEELAB luôn cố gắng hoàn thiện và phát triển sản phầm, để có thể mang tới cho khách hàng những sản phẩm có chất lượng tốt nhất, được nghiên cứu kỹ càng và đáp ứng những tiêu chuẩn điên rồ nhất từ phòng thí nghiệm của chúng tôi.', '2022-10-31 19:03:04', NULL, 'ao-so-mi-16.png', 1, 31),
(170, 'Áo Sơ Mi Local Brand Unisex Teelab Space Program: to Infinity and Beyond / Kem TS141', 139000, 100, 'TEELAB nơi bạn có thể thỏa sức thử nghiệm phong cách của mình. Được thành lập vào 2020 với rất nhiều những sự biến động của xã hội, TEELAB bắt đầu chặng đường viết lên câu chuyện của riêng mình. Khi văn hóa đường phố dần trở nên phổ biến hơn cũng là lúc nhu cầu được thỏa mãn đam mê về thời trang của những GenZ mãnh liệt hơn bao giờ hết. TEELAB, phòng thí nghiệm về thời trang và những thiết kế mang đậm tinh thần TEELAB của chúng tôi “Your body is your greatest canvas” hứa hẹn sẽ mang đến cho các bạn trẻ Việt Nam nhiều trải nghiệm thú vị và mới mẻ về thời trang đường phố. Đội ngũ Fashion Scientist của TEELAB luôn cố gắng hoàn thiện và phát triển sản phầm, để có thể mang tới cho khách hàng những sản phẩm có chất lượng tốt nhất, được nghiên cứu kỹ càng và đáp ứng những tiêu chuẩn điên rồ nhất từ phòng thí nghiệm của chúng tôi.', '2022-10-31 19:03:04', NULL, 'ao-so-mi-17.png', 1, 31),
(171, 'Áo Sơ Mi Local Brand Unisex Teelab Cat Vibe TS161', 139000, 100, 'TEELAB nơi bạn có thể thỏa sức thử nghiệm phong cách của mình. Được thành lập vào 2020 với rất nhiều những sự biến động của xã hội, TEELAB bắt đầu chặng đường viết lên câu chuyện của riêng mình. Khi văn hóa đường phố dần trở nên phổ biến hơn cũng là lúc nhu cầu được thỏa mãn đam mê về thời trang của những GenZ mãnh liệt hơn bao giờ hết. TEELAB, phòng thí nghiệm về thời trang và những thiết kế mang đậm tinh thần TEELAB của chúng tôi “Your body is your greatest canvas” hứa hẹn sẽ mang đến cho các bạn trẻ Việt Nam nhiều trải nghiệm thú vị và mới mẻ về thời trang đường phố. Đội ngũ Fashion Scientist của TEELAB luôn cố gắng hoàn thiện và phát triển sản phầm, để có thể mang tới cho khách hàng những sản phẩm có chất lượng tốt nhất, được nghiên cứu kỹ càng và đáp ứng những tiêu chuẩn điên rồ nhất từ phòng thí nghiệm của chúng tôi.', '2022-10-31 19:03:04', NULL, 'ao-so-mi-18.png', 1, 31),
(172, 'Áo Sơ Mi Local Brand Unisex Teelab Summer World Tour / Nâu TS153', 169000, 100, 'TEELAB nơi bạn có thể thỏa sức thử nghiệm phong cách của mình. Được thành lập vào 2020 với rất nhiều những sự biến động của xã hội, TEELAB bắt đầu chặng đường viết lên câu chuyện của riêng mình. Khi văn hóa đường phố dần trở nên phổ biến hơn cũng là lúc nhu cầu được thỏa mãn đam mê về thời trang của những GenZ mãnh liệt hơn bao giờ hết. TEELAB, phòng thí nghiệm về thời trang và những thiết kế mang đậm tinh thần TEELAB của chúng tôi “Your body is your greatest canvas” hứa hẹn sẽ mang đến cho các bạn trẻ Việt Nam nhiều trải nghiệm thú vị và mới mẻ về thời trang đường phố. Đội ngũ Fashion Scientist của TEELAB luôn cố gắng hoàn thiện và phát triển sản phầm, để có thể mang tới cho khách hàng những sản phẩm có chất lượng tốt nhất, được nghiên cứu kỹ càng và đáp ứng những tiêu chuẩn điên rồ nhất từ phòng thí nghiệm của chúng tôi.', '2022-10-31 19:03:04', NULL, 'ao-so-mi-19.png', 1, 31),
(173, 'Áo Sơ Mi Local Brand Unisex Teelab Summer World Tour / Kem TS153', 169000, 100, 'TEELAB nơi bạn có thể thỏa sức thử nghiệm phong cách của mình. Được thành lập vào 2020 với rất nhiều những sự biến động của xã hội, TEELAB bắt đầu chặng đường viết lên câu chuyện của riêng mình. Khi văn hóa đường phố dần trở nên phổ biến hơn cũng là lúc nhu cầu được thỏa mãn đam mê về thời trang của những GenZ mãnh liệt hơn bao giờ hết. TEELAB, phòng thí nghiệm về thời trang và những thiết kế mang đậm tinh thần TEELAB của chúng tôi “Your body is your greatest canvas” hứa hẹn sẽ mang đến cho các bạn trẻ Việt Nam nhiều trải nghiệm thú vị và mới mẻ về thời trang đường phố. Đội ngũ Fashion Scientist của TEELAB luôn cố gắng hoàn thiện và phát triển sản phầm, để có thể mang tới cho khách hàng những sản phẩm có chất lượng tốt nhất, được nghiên cứu kỹ càng và đáp ứng những tiêu chuẩn điên rồ nhất từ phòng thí nghiệm của chúng tôi.', '2022-10-31 19:03:04', NULL, 'ao-so-mi-20.png', 1, 31),
(174, 'Áo Sơ Mi Local Brand Unisex Teelab Cat Vibe TS161', 169000, 100, 'TEELAB nơi bạn có thể thỏa sức thử nghiệm phong cách của mình. Được thành lập vào 2020 với rất nhiều những sự biến động của xã hội, TEELAB bắt đầu chặng đường viết lên câu chuyện của riêng mình. Khi văn hóa đường phố dần trở nên phổ biến hơn cũng là lúc nhu cầu được thỏa mãn đam mê về thời trang của những GenZ mãnh liệt hơn bao giờ hết. TEELAB, phòng thí nghiệm về thời trang và những thiết kế mang đậm tinh thần TEELAB của chúng tôi “Your body is your greatest canvas” hứa hẹn sẽ mang đến cho các bạn trẻ Việt Nam nhiều trải nghiệm thú vị và mới mẻ về thời trang đường phố. Đội ngũ Fashion Scientist của TEELAB luôn cố gắng hoàn thiện và phát triển sản phầm, để có thể mang tới cho khách hàng những sản phẩm có chất lượng tốt nhất, được nghiên cứu kỹ càng và đáp ứng những tiêu chuẩn điên rồ nhất từ phòng thí nghiệm của chúng tôi.', '2022-10-31 19:04:01', NULL, 'ao-so-mi-21.png', 1, 31),
(175, 'Áo Sơ Mi Local Brand Unisex Teelab Summer World Tour / Nâu TS153', 139000, 40, 'TEELAB nơi bạn có thể thỏa sức thử nghiệm phong cách của mình. Được thành lập vào 2020 với rất nhiều những sự biến động của xã hội, TEELAB bắt đầu chặng đường viết lên câu chuyện của riêng mình. Khi văn hóa đường phố dần trở nên phổ biến hơn cũng là lúc nhu cầu được thỏa mãn đam mê về thời trang của những GenZ mãnh liệt hơn bao giờ hết. TEELAB, phòng thí nghiệm về thời trang và những thiết kế mang đậm tinh thần TEELAB của chúng tôi “Your body is your greatest canvas” hứa hẹn sẽ mang đến cho các bạn trẻ Việt Nam nhiều trải nghiệm thú vị và mới mẻ về thời trang đường phố. Đội ngũ Fashion Scientist của TEELAB luôn cố gắng hoàn thiện và phát triển sản phầm, để có thể mang tới cho khách hàng những sản phẩm có chất lượng tốt nhất, được nghiên cứu kỹ càng và đáp ứng những tiêu chuẩn điên rồ nhất từ phòng thí nghiệm của chúng tôi.', '2022-10-31 19:04:01', NULL, 'ao-so-mi-22.png', 1, 31),
(176, 'Áo Sơ Mi Local Brand Unisex Teelab Summer World Tour / Kem TS153', 179000, 40, 'TEELAB nơi bạn có thể thỏa sức thử nghiệm phong cách của mình. Được thành lập vào 2020 với rất nhiều những sự biến động của xã hội, TEELAB bắt đầu chặng đường viết lên câu chuyện của riêng mình. Khi văn hóa đường phố dần trở nên phổ biến hơn cũng là lúc nhu cầu được thỏa mãn đam mê về thời trang của những GenZ mãnh liệt hơn bao giờ hết. TEELAB, phòng thí nghiệm về thời trang và những thiết kế mang đậm tinh thần TEELAB của chúng tôi “Your body is your greatest canvas” hứa hẹn sẽ mang đến cho các bạn trẻ Việt Nam nhiều trải nghiệm thú vị và mới mẻ về thời trang đường phố. Đội ngũ Fashion Scientist của TEELAB luôn cố gắng hoàn thiện và phát triển sản phầm, để có thể mang tới cho khách hàng những sản phẩm có chất lượng tốt nhất, được nghiên cứu kỹ càng và đáp ứng những tiêu chuẩn điên rồ nhất từ phòng thí nghiệm của chúng tôi.', '2022-10-31 19:04:01', NULL, 'ao-so-mi-23.png', 1, 31),
(177, 'Áo Sơ Mi Local Brand Unisex Teelab Gambling Cats / Đen TS150', 139000, 110, 'TEELAB nơi bạn có thể thỏa sức thử nghiệm phong cách của mình. Được thành lập vào 2020 với rất nhiều những sự biến động của xã hội, TEELAB bắt đầu chặng đường viết lên câu chuyện của riêng mình. Khi văn hóa đường phố dần trở nên phổ biến hơn cũng là lúc nhu cầu được thỏa mãn đam mê về thời trang của những GenZ mãnh liệt hơn bao giờ hết. TEELAB, phòng thí nghiệm về thời trang và những thiết kế mang đậm tinh thần TEELAB của chúng tôi “Your body is your greatest canvas” hứa hẹn sẽ mang đến cho các bạn trẻ Việt Nam nhiều trải nghiệm thú vị và mới mẻ về thời trang đường phố. Đội ngũ Fashion Scientist của TEELAB luôn cố gắng hoàn thiện và phát triển sản phầm, để có thể mang tới cho khách hàng những sản phẩm có chất lượng tốt nhất, được nghiên cứu kỹ càng và đáp ứng những tiêu chuẩn điên rồ nhất từ phòng thí nghiệm của chúng tôi.', '2022-10-31 19:04:01', NULL, 'ao-so-mi-24.png', 1, 31),
(178, 'Mũ lưỡi trai Teelab Logo Basic AC022', 125000, 100, 'TEELAB nơi bạn có thể thỏa sức thử nghiệm phong cách của mình. Được thành lập vào 2020 với rất nhiều những sự biến động của xã hội, TEELAB bắt đầu chặng đường viết lên câu chuyện của riêng mình. Khi văn hóa đường phố dần trở nên phổ biến hơn cũng là lúc nhu cầu được thỏa mãn đam mê về thời trang của những GenZ mãnh liệt hơn bao giờ hết. TEELAB, phòng thí nghiệm về thời trang và những thiết kế mang đậm tinh thần TEELAB của chúng tôi “Your body is your greatest canvas” hứa hẹn sẽ mang đến cho các bạn trẻ Việt Nam nhiều trải nghiệm thú vị và mới mẻ về thời trang đường phố. Đội ngũ Fashion Scientist của TEELAB luôn cố gắng hoàn thiện và phát triển sản phầm, để có thể mang tới cho khách hàng những sản phẩm có chất lượng tốt nhất, được nghiên cứu kỹ càng và đáp ứng những tiêu chuẩn điên rồ nhất từ phòng thí nghiệm của chúng tôi.', '2022-11-01 08:11:39', NULL, 'phu-kien-1.png', 1, 32),
(179, 'Balo Fullcolor Teelab AC032', 350000, 96, 'TEELAB nơi bạn có thể thỏa sức thử nghiệm phong cách của mình. Được thành lập vào 2020 với rất nhiều những sự biến động của xã hội, TEELAB bắt đầu chặng đường viết lên câu chuyện của riêng mình. Khi văn hóa đường phố dần trở nên phổ biến hơn cũng là lúc nhu cầu được thỏa mãn đam mê về thời trang của những GenZ mãnh liệt hơn bao giờ hết. TEELAB, phòng thí nghiệm về thời trang và những thiết kế mang đậm tinh thần TEELAB của chúng tôi “Your body is your greatest canvas” hứa hẹn sẽ mang đến cho các bạn trẻ Việt Nam nhiều trải nghiệm thú vị và mới mẻ về thời trang đường phố. Đội ngũ Fashion Scientist của TEELAB luôn cố gắng hoàn thiện và phát triển sản phầm, để có thể mang tới cho khách hàng những sản phẩm có chất lượng tốt nhất, được nghiên cứu kỹ càng và đáp ứng những tiêu chuẩn điên rồ nhất từ phòng thí nghiệm của chúng tôi.', '2022-11-01 08:11:39', NULL, 'phu-kien-2.png', 1, 32),
(180, 'Tất Teelab Iconic Logo Socks AC057', 40000, 100, 'TEELAB nơi bạn có thể thỏa sức thử nghiệm phong cách của mình. Được thành lập vào 2020 với rất nhiều những sự biến động của xã hội, TEELAB bắt đầu chặng đường viết lên câu chuyện của riêng mình. Khi văn hóa đường phố dần trở nên phổ biến hơn cũng là lúc nhu cầu được thỏa mãn đam mê về thời trang của những GenZ mãnh liệt hơn bao giờ hết. TEELAB, phòng thí nghiệm về thời trang và những thiết kế mang đậm tinh thần TEELAB của chúng tôi “Your body is your greatest canvas” hứa hẹn sẽ mang đến cho các bạn trẻ Việt Nam nhiều trải nghiệm thú vị và mới mẻ về thời trang đường phố. Đội ngũ Fashion Scientist của TEELAB luôn cố gắng hoàn thiện và phát triển sản phầm, để có thể mang tới cho khách hàng những sản phẩm có chất lượng tốt nhất, được nghiên cứu kỹ càng và đáp ứng những tiêu chuẩn điên rồ nhất từ phòng thí nghiệm của chúng tôi.', '2022-11-01 08:11:39', NULL, 'phu-kien-3.png', 1, 32),
(181, 'Mũ lưỡi trai Teelab Mini Logo Caps AC063', 125000, 100, 'TEELAB nơi bạn có thể thỏa sức thử nghiệm phong cách của mình. Được thành lập vào 2020 với rất nhiều những sự biến động của xã hội, TEELAB bắt đầu chặng đường viết lên câu chuyện của riêng mình. Khi văn hóa đường phố dần trở nên phổ biến hơn cũng là lúc nhu cầu được thỏa mãn đam mê về thời trang của những GenZ mãnh liệt hơn bao giờ hết. TEELAB, phòng thí nghiệm về thời trang và những thiết kế mang đậm tinh thần TEELAB của chúng tôi “Your body is your greatest canvas” hứa hẹn sẽ mang đến cho các bạn trẻ Việt Nam nhiều trải nghiệm thú vị và mới mẻ về thời trang đường phố. Đội ngũ Fashion Scientist của TEELAB luôn cố gắng hoàn thiện và phát triển sản phầm, để có thể mang tới cho khách hàng những sản phẩm có chất lượng tốt nhất, được nghiên cứu kỹ càng và đáp ứng những tiêu chuẩn điên rồ nhất từ phòng thí nghiệm của chúng tôi.', '2022-11-01 08:11:39', NULL, 'phu-kien-4.png', 1, 32),
(182, 'Dép Teelab PooI Slipper AC056', 99000, 100, 'TEELAB nơi bạn có thể thỏa sức thử nghiệm phong cách của mình. Được thành lập vào 2020 với rất nhiều những sự biến động của xã hội, TEELAB bắt đầu chặng đường viết lên câu chuyện của riêng mình. Khi văn hóa đường phố dần trở nên phổ biến hơn cũng là lúc nhu cầu được thỏa mãn đam mê về thời trang của những GenZ mãnh liệt hơn bao giờ hết. TEELAB, phòng thí nghiệm về thời trang và những thiết kế mang đậm tinh thần TEELAB của chúng tôi “Your body is your greatest canvas” hứa hẹn sẽ mang đến cho các bạn trẻ Việt Nam nhiều trải nghiệm thú vị và mới mẻ về thời trang đường phố. Đội ngũ Fashion Scientist của TEELAB luôn cố gắng hoàn thiện và phát triển sản phầm, để có thể mang tới cho khách hàng những sản phẩm có chất lượng tốt nhất, được nghiên cứu kỹ càng và đáp ứng những tiêu chuẩn điên rồ nhất từ phòng thí nghiệm của chúng tôi.', '2022-11-01 08:11:39', NULL, 'phu-kien-5.png', 1, 32),
(183, 'Teelab Crossbody Messenger Bag AC061', 175000, 100, 'TEELAB nơi bạn có thể thỏa sức thử nghiệm phong cách của mình. Được thành lập vào 2020 với rất nhiều những sự biến động của xã hội, TEELAB bắt đầu chặng đường viết lên câu chuyện của riêng mình. Khi văn hóa đường phố dần trở nên phổ biến hơn cũng là lúc nhu cầu được thỏa mãn đam mê về thời trang của những GenZ mãnh liệt hơn bao giờ hết. TEELAB, phòng thí nghiệm về thời trang và những thiết kế mang đậm tinh thần TEELAB của chúng tôi “Your body is your greatest canvas” hứa hẹn sẽ mang đến cho các bạn trẻ Việt Nam nhiều trải nghiệm thú vị và mới mẻ về thời trang đường phố. Đội ngũ Fashion Scientist của TEELAB luôn cố gắng hoàn thiện và phát triển sản phầm, để có thể mang tới cho khách hàng những sản phẩm có chất lượng tốt nhất, được nghiên cứu kỹ càng và đáp ứng những tiêu chuẩn điên rồ nhất từ phòng thí nghiệm của chúng tôi.', '2022-11-01 08:11:39', NULL, 'phu-kien-6.png', 1, 32),
(184, 'Mũ len Teelab Beanie Basic Typo AC066', 169000, 100, 'TEELAB nơi bạn có thể thỏa sức thử nghiệm phong cách của mình. Được thành lập vào 2020 với rất nhiều những sự biến động của xã hội, TEELAB bắt đầu chặng đường viết lên câu chuyện của riêng mình. Khi văn hóa đường phố dần trở nên phổ biến hơn cũng là lúc nhu cầu được thỏa mãn đam mê về thời trang của những GenZ mãnh liệt hơn bao giờ hết. TEELAB, phòng thí nghiệm về thời trang và những thiết kế mang đậm tinh thần TEELAB của chúng tôi “Your body is your greatest canvas” hứa hẹn sẽ mang đến cho các bạn trẻ Việt Nam nhiều trải nghiệm thú vị và mới mẻ về thời trang đường phố. Đội ngũ Fashion Scientist của TEELAB luôn cố gắng hoàn thiện và phát triển sản phầm, để có thể mang tới cho khách hàng những sản phẩm có chất lượng tốt nhất, được nghiên cứu kỹ càng và đáp ứng những tiêu chuẩn điên rồ nhất từ phòng thí nghiệm của chúng tôi.', '2022-11-01 08:08:40', NULL, 'phu-kien-7.png', 1, 32),
(185, 'Khẩu Trang Teelab Iconic Logo Face Mask AC058', 35000, 100, 'TEELAB nơi bạn có thể thỏa sức thử nghiệm phong cách của mình. Được thành lập vào 2020 với rất nhiều những sự biến động của xã hội, TEELAB bắt đầu chặng đường viết lên câu chuyện của riêng mình. Khi văn hóa đường phố dần trở nên phổ biến hơn cũng là lúc nhu cầu được thỏa mãn đam mê về thời trang của những GenZ mãnh liệt hơn bao giờ hết. TEELAB, phòng thí nghiệm về thời trang và những thiết kế mang đậm tinh thần TEELAB của chúng tôi “Your body is your greatest canvas” hứa hẹn sẽ mang đến cho các bạn trẻ Việt Nam nhiều trải nghiệm thú vị và mới mẻ về thời trang đường phố. Đội ngũ Fashion Scientist của TEELAB luôn cố gắng hoàn thiện và phát triển sản phầm, để có thể mang tới cho khách hàng những sản phẩm có chất lượng tốt nhất, được nghiên cứu kỹ càng và đáp ứng những tiêu chuẩn điên rồ nhất từ phòng thí nghiệm của chúng tôi.', '2022-11-01 08:07:15', NULL, 'phu-kien-8.png', 1, 32),
(186, 'Teelab Special Collection Tote Bag AC070', 99000, 100, 'TEELAB nơi bạn có thể thỏa sức thử nghiệm phong cách của mình. Được thành lập vào 2020 với rất nhiều những sự biến động của xã hội, TEELAB bắt đầu chặng đường viết lên câu chuyện của riêng mình. Khi văn hóa đường phố dần trở nên phổ biến hơn cũng là lúc nhu cầu được thỏa mãn đam mê về thời trang của những GenZ mãnh liệt hơn bao giờ hết. TEELAB, phòng thí nghiệm về thời trang và những thiết kế mang đậm tinh thần TEELAB của chúng tôi “Your body is your greatest canvas” hứa hẹn sẽ mang đến cho các bạn trẻ Việt Nam nhiều trải nghiệm thú vị và mới mẻ về thời trang đường phố. Đội ngũ Fashion Scientist của TEELAB luôn cố gắng hoàn thiện và phát triển sản phầm, để có thể mang tới cho khách hàng những sản phẩm có chất lượng tốt nhất, được nghiên cứu kỹ càng và đáp ứng những tiêu chuẩn điên rồ nhất từ phòng thí nghiệm của chúng tôi.', '2022-11-01 08:08:40', NULL, 'phu-kien-9.png', 1, 32),
(187, 'Mũ lưỡi trai Teelab Logo Basic AC022', 125000, 100, 'TEELAB nơi bạn có thể thỏa sức thử nghiệm phong cách của mình. Được thành lập vào 2020 với rất nhiều những sự biến động của xã hội, TEELAB bắt đầu chặng đường viết lên câu chuyện của riêng mình. Khi văn hóa đường phố dần trở nên phổ biến hơn cũng là lúc nhu cầu được thỏa mãn đam mê về thời trang của những GenZ mãnh liệt hơn bao giờ hết. TEELAB, phòng thí nghiệm về thời trang và những thiết kế mang đậm tinh thần TEELAB của chúng tôi “Your body is your greatest canvas” hứa hẹn sẽ mang đến cho các bạn trẻ Việt Nam nhiều trải nghiệm thú vị và mới mẻ về thời trang đường phố. Đội ngũ Fashion Scientist của TEELAB luôn cố gắng hoàn thiện và phát triển sản phầm, để có thể mang tới cho khách hàng những sản phẩm có chất lượng tốt nhất, được nghiên cứu kỹ càng và đáp ứng những tiêu chuẩn điên rồ nhất từ phòng thí nghiệm của chúng tôi.', '2022-11-01 08:10:13', NULL, 'phu-kien-10.png', 1, 32),
(188, 'Balo Fullcolor Teelab AC032', 350000, 100, 'TEELAB nơi bạn có thể thỏa sức thử nghiệm phong cách của mình. Được thành lập vào 2020 với rất nhiều những sự biến động của xã hội, TEELAB bắt đầu chặng đường viết lên câu chuyện của riêng mình. Khi văn hóa đường phố dần trở nên phổ biến hơn cũng là lúc nhu cầu được thỏa mãn đam mê về thời trang của những GenZ mãnh liệt hơn bao giờ hết. TEELAB, phòng thí nghiệm về thời trang và những thiết kế mang đậm tinh thần TEELAB của chúng tôi “Your body is your greatest canvas” hứa hẹn sẽ mang đến cho các bạn trẻ Việt Nam nhiều trải nghiệm thú vị và mới mẻ về thời trang đường phố. Đội ngũ Fashion Scientist của TEELAB luôn cố gắng hoàn thiện và phát triển sản phầm, để có thể mang tới cho khách hàng những sản phẩm có chất lượng tốt nhất, được nghiên cứu kỹ càng và đáp ứng những tiêu chuẩn điên rồ nhất từ phòng thí nghiệm của chúng tôi.', '2022-11-01 08:10:13', NULL, 'phu-kien-11.png', 1, 32),
(189, 'Tất Teelab Iconic Logo Socks AC057', 40000, 100, 'TEELAB nơi bạn có thể thỏa sức thử nghiệm phong cách của mình. Được thành lập vào 2020 với rất nhiều những sự biến động của xã hội, TEELAB bắt đầu chặng đường viết lên câu chuyện của riêng mình. Khi văn hóa đường phố dần trở nên phổ biến hơn cũng là lúc nhu cầu được thỏa mãn đam mê về thời trang của những GenZ mãnh liệt hơn bao giờ hết. TEELAB, phòng thí nghiệm về thời trang và những thiết kế mang đậm tinh thần TEELAB của chúng tôi “Your body is your greatest canvas” hứa hẹn sẽ mang đến cho các bạn trẻ Việt Nam nhiều trải nghiệm thú vị và mới mẻ về thời trang đường phố. Đội ngũ Fashion Scientist của TEELAB luôn cố gắng hoàn thiện và phát triển sản phầm, để có thể mang tới cho khách hàng những sản phẩm có chất lượng tốt nhất, được nghiên cứu kỹ càng và đáp ứng những tiêu chuẩn điên rồ nhất từ phòng thí nghiệm của chúng tôi.', '2022-11-01 08:10:13', NULL, 'phu-kien-12.png', 1, 32),
(190, 'Mũ lưỡi trai Teelab Mini Logo Caps AC063', 125000, 110, 'TEELAB nơi bạn có thể thỏa sức thử nghiệm phong cách của mình. Được thành lập vào 2020 với rất nhiều những sự biến động của xã hội, TEELAB bắt đầu chặng đường viết lên câu chuyện của riêng mình. Khi văn hóa đường phố dần trở nên phổ biến hơn cũng là lúc nhu cầu được thỏa mãn đam mê về thời trang của những GenZ mãnh liệt hơn bao giờ hết. TEELAB, phòng thí nghiệm về thời trang và những thiết kế mang đậm tinh thần TEELAB của chúng tôi “Your body is your greatest canvas” hứa hẹn sẽ mang đến cho các bạn trẻ Việt Nam nhiều trải nghiệm thú vị và mới mẻ về thời trang đường phố. Đội ngũ Fashion Scientist của TEELAB luôn cố gắng hoàn thiện và phát triển sản phầm, để có thể mang tới cho khách hàng những sản phẩm có chất lượng tốt nhất, được nghiên cứu kỹ càng và đáp ứng những tiêu chuẩn điên rồ nhất từ phòng thí nghiệm của chúng tôi.', '2022-11-01 08:10:13', NULL, 'phu-kien-13.png', 1, 32),
(191, 'Dép Teelab PooI Slipper AC056', 99000, 100, 'TEELAB nơi bạn có thể thỏa sức thử nghiệm phong cách của mình. Được thành lập vào 2020 với rất nhiều những sự biến động của xã hội, TEELAB bắt đầu chặng đường viết lên câu chuyện của riêng mình. Khi văn hóa đường phố dần trở nên phổ biến hơn cũng là lúc nhu cầu được thỏa mãn đam mê về thời trang của những GenZ mãnh liệt hơn bao giờ hết. TEELAB, phòng thí nghiệm về thời trang và những thiết kế mang đậm tinh thần TEELAB của chúng tôi “Your body is your greatest canvas” hứa hẹn sẽ mang đến cho các bạn trẻ Việt Nam nhiều trải nghiệm thú vị và mới mẻ về thời trang đường phố. Đội ngũ Fashion Scientist của TEELAB luôn cố gắng hoàn thiện và phát triển sản phầm, để có thể mang tới cho khách hàng những sản phẩm có chất lượng tốt nhất, được nghiên cứu kỹ càng và đáp ứng những tiêu chuẩn điên rồ nhất từ phòng thí nghiệm của chúng tôi.', '2022-11-01 08:10:13', NULL, 'phu-kien-14.png', 1, 32),
(192, 'Teelab Crossbody Messenger Bag AC061', 175000, 100, 'TEELAB nơi bạn có thể thỏa sức thử nghiệm phong cách của mình. Được thành lập vào 2020 với rất nhiều những sự biến động của xã hội, TEELAB bắt đầu chặng đường viết lên câu chuyện của riêng mình. Khi văn hóa đường phố dần trở nên phổ biến hơn cũng là lúc nhu cầu được thỏa mãn đam mê về thời trang của những GenZ mãnh liệt hơn bao giờ hết. TEELAB, phòng thí nghiệm về thời trang và những thiết kế mang đậm tinh thần TEELAB của chúng tôi “Your body is your greatest canvas” hứa hẹn sẽ mang đến cho các bạn trẻ Việt Nam nhiều trải nghiệm thú vị và mới mẻ về thời trang đường phố. Đội ngũ Fashion Scientist của TEELAB luôn cố gắng hoàn thiện và phát triển sản phầm, để có thể mang tới cho khách hàng những sản phẩm có chất lượng tốt nhất, được nghiên cứu kỹ càng và đáp ứng những tiêu chuẩn điên rồ nhất từ phòng thí nghiệm của chúng tôi.', '2022-11-01 08:10:13', NULL, 'phu-kien-15.png', 1, 32),
(193, 'Mũ len Teelab Beanie Basic Typo AC066', 169000, 100, 'TEELAB nơi bạn có thể thỏa sức thử nghiệm phong cách của mình. Được thành lập vào 2020 với rất nhiều những sự biến động của xã hội, TEELAB bắt đầu chặng đường viết lên câu chuyện của riêng mình. Khi văn hóa đường phố dần trở nên phổ biến hơn cũng là lúc nhu cầu được thỏa mãn đam mê về thời trang của những GenZ mãnh liệt hơn bao giờ hết. TEELAB, phòng thí nghiệm về thời trang và những thiết kế mang đậm tinh thần TEELAB của chúng tôi “Your body is your greatest canvas” hứa hẹn sẽ mang đến cho các bạn trẻ Việt Nam nhiều trải nghiệm thú vị và mới mẻ về thời trang đường phố. Đội ngũ Fashion Scientist của TEELAB luôn cố gắng hoàn thiện và phát triển sản phầm, để có thể mang tới cho khách hàng những sản phẩm có chất lượng tốt nhất, được nghiên cứu kỹ càng và đáp ứng những tiêu chuẩn điên rồ nhất từ phòng thí nghiệm của chúng tôi.', '2022-11-01 08:10:13', NULL, 'phu-kien-16.png', 1, 32),
(194, 'Khẩu Trang Teelab Iconic Logo Face Mask AC058', 35000, 100, 'TEELAB nơi bạn có thể thỏa sức thử nghiệm phong cách của mình. Được thành lập vào 2020 với rất nhiều những sự biến động của xã hội, TEELAB bắt đầu chặng đường viết lên câu chuyện của riêng mình. Khi văn hóa đường phố dần trở nên phổ biến hơn cũng là lúc nhu cầu được thỏa mãn đam mê về thời trang của những GenZ mãnh liệt hơn bao giờ hết. TEELAB, phòng thí nghiệm về thời trang và những thiết kế mang đậm tinh thần TEELAB của chúng tôi “Your body is your greatest canvas” hứa hẹn sẽ mang đến cho các bạn trẻ Việt Nam nhiều trải nghiệm thú vị và mới mẻ về thời trang đường phố. Đội ngũ Fashion Scientist của TEELAB luôn cố gắng hoàn thiện và phát triển sản phầm, để có thể mang tới cho khách hàng những sản phẩm có chất lượng tốt nhất, được nghiên cứu kỹ càng và đáp ứng những tiêu chuẩn điên rồ nhất từ phòng thí nghiệm của chúng tôi.', '2022-11-01 08:10:13', NULL, 'phu-kien-17.png', 1, 32),
(195, 'Teelab Special Collection Tote Bag AC070', 99000, 100, 'TEELAB nơi bạn có thể thỏa sức thử nghiệm phong cách của mình. Được thành lập vào 2020 với rất nhiều những sự biến động của xã hội, TEELAB bắt đầu chặng đường viết lên câu chuyện của riêng mình. Khi văn hóa đường phố dần trở nên phổ biến hơn cũng là lúc nhu cầu được thỏa mãn đam mê về thời trang của những GenZ mãnh liệt hơn bao giờ hết. TEELAB, phòng thí nghiệm về thời trang và những thiết kế mang đậm tinh thần TEELAB của chúng tôi “Your body is your greatest canvas” hứa hẹn sẽ mang đến cho các bạn trẻ Việt Nam nhiều trải nghiệm thú vị và mới mẻ về thời trang đường phố. Đội ngũ Fashion Scientist của TEELAB luôn cố gắng hoàn thiện và phát triển sản phầm, để có thể mang tới cho khách hàng những sản phẩm có chất lượng tốt nhất, được nghiên cứu kỹ càng và đáp ứng những tiêu chuẩn điên rồ nhất từ phòng thí nghiệm của chúng tôi.', '2022-11-01 08:10:13', NULL, 'phu-kien-18.png', 1, 32),
(196, 'Mũ lưỡi trai Teelab Logo Basic AC022', 125000, 100, 'TEELAB nơi bạn có thể thỏa sức thử nghiệm phong cách của mình. Được thành lập vào 2020 với rất nhiều những sự biến động của xã hội, TEELAB bắt đầu chặng đường viết lên câu chuyện của riêng mình. Khi văn hóa đường phố dần trở nên phổ biến hơn cũng là lúc nhu cầu được thỏa mãn đam mê về thời trang của những GenZ mãnh liệt hơn bao giờ hết. TEELAB, phòng thí nghiệm về thời trang và những thiết kế mang đậm tinh thần TEELAB của chúng tôi “Your body is your greatest canvas” hứa hẹn sẽ mang đến cho các bạn trẻ Việt Nam nhiều trải nghiệm thú vị và mới mẻ về thời trang đường phố. Đội ngũ Fashion Scientist của TEELAB luôn cố gắng hoàn thiện và phát triển sản phầm, để có thể mang tới cho khách hàng những sản phẩm có chất lượng tốt nhất, được nghiên cứu kỹ càng và đáp ứng những tiêu chuẩn điên rồ nhất từ phòng thí nghiệm của chúng tôi.', '2022-11-01 08:14:19', NULL, 'phu-kien-19.png', 1, 32),
(197, 'Balo Fullcolor Teelab AC032', 350000, 100, 'TEELAB nơi bạn có thể thỏa sức thử nghiệm phong cách của mình. Được thành lập vào 2020 với rất nhiều những sự biến động của xã hội, TEELAB bắt đầu chặng đường viết lên câu chuyện của riêng mình. Khi văn hóa đường phố dần trở nên phổ biến hơn cũng là lúc nhu cầu được thỏa mãn đam mê về thời trang của những GenZ mãnh liệt hơn bao giờ hết. TEELAB, phòng thí nghiệm về thời trang và những thiết kế mang đậm tinh thần TEELAB của chúng tôi “Your body is your greatest canvas” hứa hẹn sẽ mang đến cho các bạn trẻ Việt Nam nhiều trải nghiệm thú vị và mới mẻ về thời trang đường phố. Đội ngũ Fashion Scientist của TEELAB luôn cố gắng hoàn thiện và phát triển sản phầm, để có thể mang tới cho khách hàng những sản phẩm có chất lượng tốt nhất, được nghiên cứu kỹ càng và đáp ứng những tiêu chuẩn điên rồ nhất từ phòng thí nghiệm của chúng tôi.', '2022-11-01 08:14:19', NULL, 'phu-kien-20.png', 1, 32),
(198, 'Tất Teelab Iconic Logo Socks AC057', 40000, 100, 'TEELAB nơi bạn có thể thỏa sức thử nghiệm phong cách của mình. Được thành lập vào 2020 với rất nhiều những sự biến động của xã hội, TEELAB bắt đầu chặng đường viết lên câu chuyện của riêng mình. Khi văn hóa đường phố dần trở nên phổ biến hơn cũng là lúc nhu cầu được thỏa mãn đam mê về thời trang của những GenZ mãnh liệt hơn bao giờ hết. TEELAB, phòng thí nghiệm về thời trang và những thiết kế mang đậm tinh thần TEELAB của chúng tôi “Your body is your greatest canvas” hứa hẹn sẽ mang đến cho các bạn trẻ Việt Nam nhiều trải nghiệm thú vị và mới mẻ về thời trang đường phố. Đội ngũ Fashion Scientist của TEELAB luôn cố gắng hoàn thiện và phát triển sản phầm, để có thể mang tới cho khách hàng những sản phẩm có chất lượng tốt nhất, được nghiên cứu kỹ càng và đáp ứng những tiêu chuẩn điên rồ nhất từ phòng thí nghiệm của chúng tôi.', '2022-11-01 08:14:19', NULL, 'phu-kien-21.png', 1, 32),
(199, 'Mũ lưỡi trai Teelab Mini Logo Caps AC063', 125000, 100, 'TEELAB nơi bạn có thể thỏa sức thử nghiệm phong cách của mình. Được thành lập vào 2020 với rất nhiều những sự biến động của xã hội, TEELAB bắt đầu chặng đường viết lên câu chuyện của riêng mình. Khi văn hóa đường phố dần trở nên phổ biến hơn cũng là lúc nhu cầu được thỏa mãn đam mê về thời trang của những GenZ mãnh liệt hơn bao giờ hết. TEELAB, phòng thí nghiệm về thời trang và những thiết kế mang đậm tinh thần TEELAB của chúng tôi “Your body is your greatest canvas” hứa hẹn sẽ mang đến cho các bạn trẻ Việt Nam nhiều trải nghiệm thú vị và mới mẻ về thời trang đường phố. Đội ngũ Fashion Scientist của TEELAB luôn cố gắng hoàn thiện và phát triển sản phầm, để có thể mang tới cho khách hàng những sản phẩm có chất lượng tốt nhất, được nghiên cứu kỹ càng và đáp ứng những tiêu chuẩn điên rồ nhất từ phòng thí nghiệm của chúng tôi.', '2022-11-01 08:14:19', NULL, 'phu-kien-22.png', 1, 32),
(200, 'Dép Teelab PooI Slipper AC056', 99000, 100, 'TEELAB nơi bạn có thể thỏa sức thử nghiệm phong cách của mình. Được thành lập vào 2020 với rất nhiều những sự biến động của xã hội, TEELAB bắt đầu chặng đường viết lên câu chuyện của riêng mình. Khi văn hóa đường phố dần trở nên phổ biến hơn cũng là lúc nhu cầu được thỏa mãn đam mê về thời trang của những GenZ mãnh liệt hơn bao giờ hết. TEELAB, phòng thí nghiệm về thời trang và những thiết kế mang đậm tinh thần TEELAB của chúng tôi “Your body is your greatest canvas” hứa hẹn sẽ mang đến cho các bạn trẻ Việt Nam nhiều trải nghiệm thú vị và mới mẻ về thời trang đường phố. Đội ngũ Fashion Scientist của TEELAB luôn cố gắng hoàn thiện và phát triển sản phầm, để có thể mang tới cho khách hàng những sản phẩm có chất lượng tốt nhất, được nghiên cứu kỹ càng và đáp ứng những tiêu chuẩn điên rồ nhất từ phòng thí nghiệm của chúng tôi.', '2022-11-01 08:14:19', NULL, 'phu-kien-23.png', 1, 32),
(201, 'Teelab Crossbody Messenger Bag AC061', 175000, 100, 'TEELAB nơi bạn có thể thỏa sức thử nghiệm phong cách của mình. Được thành lập vào 2020 với rất nhiều những sự biến động của xã hội, TEELAB bắt đầu chặng đường viết lên câu chuyện của riêng mình. Khi văn hóa đường phố dần trở nên phổ biến hơn cũng là lúc nhu cầu được thỏa mãn đam mê về thời trang của những GenZ mãnh liệt hơn bao giờ hết. TEELAB, phòng thí nghiệm về thời trang và những thiết kế mang đậm tinh thần TEELAB của chúng tôi “Your body is your greatest canvas” hứa hẹn sẽ mang đến cho các bạn trẻ Việt Nam nhiều trải nghiệm thú vị và mới mẻ về thời trang đường phố. Đội ngũ Fashion Scientist của TEELAB luôn cố gắng hoàn thiện và phát triển sản phầm, để có thể mang tới cho khách hàng những sản phẩm có chất lượng tốt nhất, được nghiên cứu kỹ càng và đáp ứng những tiêu chuẩn điên rồ nhất từ phòng thí nghiệm của chúng tôi.', '2022-11-01 08:14:19', NULL, 'phu-kien-24.png', 1, 32),
(202, 'Áo Thun Local Brand Unisex Teelab Cyberpunk TS143', 100000, 170, 'TEELAB nơi bạn có thể thỏa sức thử nghiệm phong cách của mình. Được thành lập vào 2020 với rất nhiều những sự biến động của xã hội, TEELAB bắt đầu chặng đường viết lên câu chuyện của riêng mình. Khi văn hóa đường phố dần trở nên phổ biến hơn cũng là lúc nhu cầu được thỏa mãn đam mê về thời trang của những GenZ mãnh liệt hơn bao giờ hết. TEELAB, phòng thí nghiệm về thời trang và những thiết kế mang đậm tinh thần TEELAB của chúng tôi “Your body is your greatest canvas” hứa hẹn sẽ mang đến cho các bạn trẻ Việt Nam nhiều trải nghiệm thú vị và mới mẻ về thời trang đường phố. Đội ngũ Fashion Scientist của TEELAB luôn cố gắng hoàn thiện và phát triển sản phầm, để có thể mang tới cho khách hàng những sản phẩm có chất lượng tốt nhất, được nghiên cứu kỹ càng và đáp ứng những tiêu chuẩn điên rồ nhất từ phòng thí nghiệm của chúng tôi.', '2022-11-09 12:40:35', '2022-11-11 05:37:41', 'ao-thun-25.jpg', 1, 34);

-- --------------------------------------------------------

--
-- Cấu trúc bảng cho bảng `product_category`
--

CREATE TABLE `product_category` (
  `id` int(11) NOT NULL,
  `name` varchar(200) CHARACTER SET utf8 COLLATE utf8_unicode_ci DEFAULT NULL,
  `slug` varchar(200) DEFAULT NULL,
  `status` int(11) NOT NULL COMMENT '1: Active, 2: Disabled',
  `created_at` datetime DEFAULT current_timestamp(),
  `updated_at` datetime DEFAULT NULL
) ENGINE=InnoDB DEFAULT CHARSET=utf8mb4;

--
-- Đang đổ dữ liệu cho bảng `product_category`
--

INSERT INTO `product_category` (`id`, `name`, `slug`, `status`, `created_at`, `updated_at`) VALUES
(29, 'Áo thun', 'ao-thun', 1, '2022-10-31 17:51:05', '2022-11-09 07:54:06'),
(30, 'Áo polo', 'ao-polo', 1, '2022-10-31 17:52:05', '2022-11-09 07:54:10'),
(31, 'Áo sơmi', 'ao-somi', 1, '2022-11-09 07:54:20', '2022-11-09 07:54:20'),
(32, 'Phụ kiện', 'phu-kien', 1, '2022-11-09 07:54:28', '2022-11-09 07:54:28'),
(34, 'Giảm giá', 'giam-gia', 1, '2022-11-09 12:42:40', '2022-11-09 13:02:05');

-- --------------------------------------------------------

--
-- Cấu trúc bảng cho bảng `role`
--

CREATE TABLE `role` (
  `id` int(11) NOT NULL,
  `name` varchar(255) CHARACTER SET utf8 COLLATE utf8_vietnamese_ci DEFAULT NULL
) ENGINE=InnoDB DEFAULT CHARSET=utf8mb4;

--
-- Đang đổ dữ liệu cho bảng `role`
--

INSERT INTO `role` (`id`, `name`) VALUES
(1, 'nhân viên bán hàng'),
(2, 'nhân viên quản lý'),
(3, 'nhân viên kho'),
(4, 'người quản trị hệ thống');

--
-- Chỉ mục cho các bảng đã đổ
--

--
-- Chỉ mục cho bảng `cart`
--
ALTER TABLE `cart`
  ADD PRIMARY KEY (`thumbnail`);

--
-- Chỉ mục cho bảng `customer`
--
ALTER TABLE `customer`
  ADD PRIMARY KEY (`id`);

--
-- Chỉ mục cho bảng `donhang`
--
ALTER TABLE `donhang`
  ADD PRIMARY KEY (`id`);

--
-- Chỉ mục cho bảng `employee`
--
ALTER TABLE `employee`
  ADD PRIMARY KEY (`id`),
  ADD KEY `id_role` (`id_role`);

--
-- Chỉ mục cho bảng `grn`
--
ALTER TABLE `grn`
  ADD PRIMARY KEY (`id`);

--
-- Chỉ mục cho bảng `order_detail`
--
ALTER TABLE `order_detail`
  ADD PRIMARY KEY (`id`);

--
-- Chỉ mục cho bảng `order_product`
--
ALTER TABLE `order_product`
  ADD PRIMARY KEY (`id`);

--
-- Chỉ mục cho bảng `product`
--
ALTER TABLE `product`
  ADD PRIMARY KEY (`id`),
  ADD KEY `id_category` (`category_id`);

--
-- Chỉ mục cho bảng `product_category`
--
ALTER TABLE `product_category`
  ADD PRIMARY KEY (`id`);

--
-- Chỉ mục cho bảng `role`
--
ALTER TABLE `role`
  ADD PRIMARY KEY (`id`);

--
-- AUTO_INCREMENT cho các bảng đã đổ
--

--
-- AUTO_INCREMENT cho bảng `customer`
--
ALTER TABLE `customer`
  MODIFY `id` int(11) NOT NULL AUTO_INCREMENT, AUTO_INCREMENT=4;

--
-- AUTO_INCREMENT cho bảng `donhang`
--
ALTER TABLE `donhang`
  MODIFY `id` int(11) NOT NULL AUTO_INCREMENT, AUTO_INCREMENT=248;

--
-- AUTO_INCREMENT cho bảng `employee`
--
ALTER TABLE `employee`
  MODIFY `id` int(11) NOT NULL AUTO_INCREMENT, AUTO_INCREMENT=13;

--
-- AUTO_INCREMENT cho bảng `grn`
--
ALTER TABLE `grn`
  MODIFY `id` int(20) NOT NULL AUTO_INCREMENT, AUTO_INCREMENT=23;

--
-- AUTO_INCREMENT cho bảng `order_detail`
--
ALTER TABLE `order_detail`
  MODIFY `id` int(11) NOT NULL AUTO_INCREMENT, AUTO_INCREMENT=20;

--
-- AUTO_INCREMENT cho bảng `order_product`
--
ALTER TABLE `order_product`
  MODIFY `id` int(11) NOT NULL AUTO_INCREMENT, AUTO_INCREMENT=22;

--
-- AUTO_INCREMENT cho bảng `product`
--
ALTER TABLE `product`
  MODIFY `id` int(11) NOT NULL AUTO_INCREMENT, AUTO_INCREMENT=204;

--
-- AUTO_INCREMENT cho bảng `product_category`
--
ALTER TABLE `product_category`
  MODIFY `id` int(11) NOT NULL AUTO_INCREMENT, AUTO_INCREMENT=37;

--
-- AUTO_INCREMENT cho bảng `role`
--
ALTER TABLE `role`
  MODIFY `id` int(11) NOT NULL AUTO_INCREMENT, AUTO_INCREMENT=5;

--
-- Các ràng buộc cho các bảng đã đổ
--

--
-- Các ràng buộc cho bảng `employee`
--
ALTER TABLE `employee`
  ADD CONSTRAINT `employee_ibfk_1` FOREIGN KEY (`id_role`) REFERENCES `role` (`id`) ON DELETE CASCADE ON UPDATE CASCADE;

--
-- Các ràng buộc cho bảng `product`
--
ALTER TABLE `product`
  ADD CONSTRAINT `product_ibfk_1` FOREIGN KEY (`category_id`) REFERENCES `product_category` (`id`) ON DELETE CASCADE ON UPDATE CASCADE;
COMMIT;

/*!40101 SET CHARACTER_SET_CLIENT=@OLD_CHARACTER_SET_CLIENT */;
/*!40101 SET CHARACTER_SET_RESULTS=@OLD_CHARACTER_SET_RESULTS */;
/*!40101 SET COLLATION_CONNECTION=@OLD_COLLATION_CONNECTION */;
